compiler,program,opt,flag_id,n,time_ms_median,time_ms_ci95_lo,time_ms_ci95_hi,rss_kb_median,rss_kb_ci95_lo,rss_kb_ci95_hi,overhead_vs_baseline,overhead_ci95_lo,overhead_ci95_hi
clang++,final,-O0,asan,50,756.542,756.305,756.894,11852,10914,12896,2.9849,2.9835,2.9873
clang++,final,-O0,baseline,50,253.453,253.298,253.556,3766,3756,3804,,,
clang++,final,-O0,execstack,50,253.415,253.265,253.575,3804,3754,3824,0.9998,0.9992,1.0008
clang++,final,-O0,fortify1,50,253.492,253.333,253.843,3800,3752,3808,1.0002,0.9994,1.0014
clang++,final,-O0,fortify2,50,253.293,253.147,253.512,3808,3764,3814,0.9994,0.9986,1.0004
clang++,final,-O0,fortify_off,50,253.306,253.187,253.375,3808,3764,3824,0.9994,0.9988,1.0001
clang++,final,-O0,hardening_baseline,50,252.247,252.242,252.257,3806,3750,3820,0.9952,0.9948,0.9959
clang++,final,-O0,lto,50,253.417,253.339,253.553,3800,3752,3812,0.9999,0.9994,1.0007
clang++,final,-O0,msan,50,1480.742,1480.008,1481.401,6738,6668,8496,5.8423,5.8385,5.8467
clang++,final,-O0,no_pie,50,252.271,252.244,254.895,3806,3800,3826,0.9953,0.9950,1.0057
clang++,final,-O0,no_plt,50,247.829,247.812,247.847,3804,3758,3808,0.9778,0.9774,0.9784
clang++,final,-O0,no_stack_protector,50,253.456,253.316,253.685,3800,3754,3808,1.0000,0.9993,1.0012
clang++,final,-O0,noexecstack,50,253.439,253.312,253.516,3808,3800,3812,0.9999,0.9993,1.0007
clang++,final,-O0,pie,50,253.275,253.191,253.426,3778,3752,3808,0.9993,0.9988,1.0002
clang++,final,-O0,relro_full,50,253.129,252.972,254.295,3810,3786,3828,0.9987,0.9979,1.0029
clang++,final,-O0,safe_stack,50,258.249,258.237,258.259,3840,3836,3892,1.0189,1.0185,1.0195
clang++,final,-O0,stack_protector,50,252.234,252.225,252.248,3806,3752,3812,0.9952,0.9948,0.9958
clang++,final,-O0,stack_protector_all,50,252.246,252.230,252.260,3808,3748,3824,0.9952,0.9948,0.9959
clang++,final,-O0,stack_protector_strong,50,252.247,252.232,252.256,3804,3748,3810,0.9952,0.9949,0.9959
clang++,final,-O0,ubsan,50,283.983,283.553,284.219,4194,4140,4234,1.1205,1.1187,1.1216
clang++,final,-O1,asan,50,749.633,749.396,749.927,11846,10988,12896,2.9375,2.9365,2.9386
clang++,final,-O1,baseline,50,255.197,255.188,255.214,3804,3764,3810,,,
clang++,final,-O1,execstack,50,255.190,255.178,255.204,3784,3752,3808,1.0000,0.9999,1.0000
clang++,final,-O1,fortify1,50,431.438,431.207,431.753,3786,3750,3808,1.6906,1.6897,1.6919
clang++,final,-O1,fortify2,50,431.084,430.880,431.320,3806,3752,3808,1.6892,1.6884,1.6902
clang++,final,-O1,fortify_off,50,255.187,255.178,255.202,3806,3772,3812,1.0000,0.9999,1.0000
clang++,final,-O1,hardening_baseline,50,432.552,431.953,433.083,3802,3752,3810,1.6950,1.6927,1.6971
clang++,final,-O1,lto,50,255.190,255.180,255.196,3774,3752,3808,1.0000,0.9999,1.0000
clang++,final,-O1,msan,50,1438.600,1437.810,1438.951,6736,6604,8496,5.6372,5.6341,5.6386
clang++,final,-O1,no_pie,50,255.186,255.178,255.196,3804,3756,3812,1.0000,0.9999,1.0000
clang++,final,-O1,no_plt,50,216.836,216.828,216.847,3808,3750,3812,0.8497,0.8496,0.8497
clang++,final,-O1,no_stack_protector,50,255.204,255.192,255.213,3806,3752,3808,1.0000,0.9999,1.0001
clang++,final,-O1,noexecstack,50,255.198,255.191,255.203,3798,3756,3812,1.0000,0.9999,1.0000
clang++,final,-O1,pie,50,255.192,255.181,255.202,3808,3760,3816,1.0000,0.9999,1.0000
clang++,final,-O1,relro_full,50,255.191,255.182,255.205,3792,3748,3810,1.0000,0.9999,1.0000
clang++,final,-O1,safe_stack,50,255.305,255.297,255.315,3894,3838,3904,1.0004,1.0004,1.0005
clang++,final,-O1,stack_protector,50,255.202,255.186,255.209,3812,3788,3824,1.0000,0.9999,1.0001
clang++,final,-O1,stack_protector_all,50,255.196,255.184,255.204,3826,3806,3876,1.0000,0.9999,1.0000
clang++,final,-O1,stack_protector_strong,50,255.191,255.183,255.202,3812,3786,3830,1.0000,0.9999,1.0000
clang++,final,-O1,ubsan,50,249.710,249.566,249.824,4252,4136,4268,0.9785,0.9779,0.9790
clang++,final,-O2,asan,50,749.219,748.976,749.423,10964,9866,11792,2.9359,2.9349,2.9367
clang++,final,-O2,baseline,50,255.194,255.185,255.197,3802,3752,3842,,,
clang++,final,-O2,execstack,50,255.193,255.181,255.200,3752,3748,3764,1.0000,1.0000,1.0000
clang++,final,-O2,fortify1,50,431.112,430.767,431.699,3804,3752,3812,1.6894,1.6880,1.6916
clang++,final,-O2,fortify2,50,431.287,430.948,431.557,3792,3756,3812,1.6900,1.6888,1.6911
clang++,final,-O2,fortify_off,50,255.200,255.185,255.213,3808,3766,3872,1.0000,1.0000,1.0001
clang++,final,-O2,hardening_baseline,50,432.477,432.275,432.694,3804,3748,3812,1.6947,1.6939,1.6955
clang++,final,-O2,lto,50,255.185,255.177,255.195,3804,3760,3812,1.0000,0.9999,1.0000
clang++,final,-O2,msan,50,1438.378,1437.790,1438.921,7592,6732,8552,5.6364,5.6342,5.6385
clang++,final,-O2,no_pie,50,255.190,255.184,255.202,3784,3756,3812,1.0000,1.0000,1.0000
clang++,final,-O2,no_plt,50,216.837,216.828,216.849,3764,3750,3808,0.8497,0.8497,0.8498
clang++,final,-O2,no_stack_protector,50,255.197,255.189,255.208,3808,3764,3824,1.0000,1.0000,1.0001
clang++,final,-O2,noexecstack,50,255.191,255.186,255.202,3808,3760,3828,1.0000,1.0000,1.0000
clang++,final,-O2,pie,50,255.192,255.185,255.206,3808,3764,3824,1.0000,1.0000,1.0001
clang++,final,-O2,relro_full,50,255.196,255.191,255.216,3808,3800,3812,1.0000,1.0000,1.0001
clang++,final,-O2,safe_stack,50,255.298,255.290,255.306,3840,3836,3900,1.0004,1.0004,1.0005
clang++,final,-O2,stack_protector,50,255.194,255.184,255.203,3810,3804,3828,1.0000,1.0000,1.0001
clang++,final,-O2,stack_protector_all,50,255.197,255.186,255.210,3764,3748,3808,1.0000,1.0000,1.0001
clang++,final,-O2,stack_protector_strong,50,255.190,255.174,255.198,3806,3752,3816,1.0000,0.9999,1.0000
clang++,final,-O2,ubsan,50,249.574,249.545,249.703,4172,4136,4202,0.9780,0.9779,0.9785
clang++,final,-O3,asan,50,749.262,749.034,749.676,10920,9840,11936,2.9360,2.9351,2.9376
clang++,final,-O3,baseline,50,255.196,255.184,255.205,3806,3756,3816,,,
clang++,final,-O3,execstack,50,255.195,255.185,255.206,3780,3764,3812,1.0000,0.9999,1.0001
clang++,final,-O3,fortify1,50,431.281,431.067,431.827,3808,3758,3820,1.6900,1.6892,1.6922
clang++,final,-O3,fortify2,50,431.341,431.195,431.623,3778,3752,3806,1.6902,1.6897,1.6915
clang++,final,-O3,fortify_off,50,255.199,255.190,255.212,3808,3764,3816,1.0000,1.0000,1.0001
clang++,final,-O3,hardening_baseline,50,432.404,432.067,432.694,3804,3752,3810,1.6944,1.6931,1.6955
clang++,final,-O3,lto,50,255.190,255.171,255.207,3752,3750,3806,1.0000,0.9999,1.0001
clang++,final,-O3,msan,50,1438.462,1438.090,1439.151,8488,6736,8552,5.6367,5.6352,5.6393
clang++,final,-O3,no_pie,50,255.198,255.189,255.204,3806,3764,3816,1.0000,1.0000,1.0001
clang++,final,-O3,no_plt,50,216.832,216.820,216.840,3808,3768,3812,0.8497,0.8496,0.8497
clang++,final,-O3,no_stack_protector,50,255.194,255.188,255.209,3804,3752,3808,1.0000,0.9999,1.0001
clang++,final,-O3,noexecstack,50,255.190,255.181,255.200,3808,3772,3812,1.0000,0.9999,1.0000
clang++,final,-O3,pie,50,255.191,255.181,255.204,3812,3808,3842,1.0000,0.9999,1.0001
clang++,final,-O3,relro_full,50,255.208,255.197,255.219,3804,3748,3812,1.0000,1.0000,1.0001
clang++,final,-O3,safe_stack,50,255.304,255.290,255.310,3840,3836,3894,1.0004,1.0004,1.0005
clang++,final,-O3,stack_protector,50,255.195,255.185,255.205,3786,3752,3812,1.0000,0.9999,1.0001
clang++,final,-O3,stack_protector_all,50,255.197,255.193,255.211,3810,3752,3842,1.0000,1.0000,1.0001
clang++,final,-O3,stack_protector_strong,50,255.192,255.181,255.204,3804,3764,3810,1.0000,0.9999,1.0000
clang++,final,-O3,ubsan,50,249.621,249.566,249.718,4190,4136,4256,0.9782,0.9779,0.9786
clang++,final,-Ofast,asan,50,751.014,750.427,751.562,11840,10842,12872,2.9429,2.9407,2.9450
clang++,final,-Ofast,baseline,50,255.198,255.184,255.210,3804,3758,3812,,,
clang++,final,-Ofast,execstack,50,255.189,255.172,255.202,3764,3752,3808,1.0000,0.9999,1.0000
clang++,final,-Ofast,fortify1,50,431.087,430.656,431.536,3808,3804,3812,1.6892,1.6875,1.6910
clang++,final,-Ofast,fortify2,50,431.241,430.736,431.667,3806,3758,3816,1.6898,1.6879,1.6915
clang++,final,-Ofast,fortify_off,50,255.190,255.186,255.204,3778,3752,3808,1.0000,0.9999,1.0000
clang++,final,-Ofast,hardening_baseline,50,431.303,430.817,431.592,3812,3780,3832,1.6901,1.6880,1.6912
clang++,final,-Ofast,lto,50,255.187,255.174,255.197,3804,3752,3810,1.0000,0.9999,1.0000
clang++,final,-Ofast,msan,50,1445.845,1445.168,1446.309,6738,6654,8568,5.6656,5.6630,5.6675
clang++,final,-Ofast,no_pie,50,255.199,255.189,255.211,3812,3768,3816,1.0000,0.9999,1.0001
clang++,final,-Ofast,no_plt,50,216.833,216.817,216.840,3758,3748,3808,0.8497,0.8496,0.8497
clang++,final,-Ofast,no_stack_protector,50,255.191,255.183,255.209,3768,3748,3808,1.0000,0.9999,1.0001
clang++,final,-Ofast,noexecstack,50,255.187,255.177,255.202,3804,3750,3816,1.0000,0.9999,1.0000
clang++,final,-Ofast,pie,50,255.199,255.191,255.213,3806,3768,3812,1.0000,0.9999,1.0001
clang++,final,-Ofast,relro_full,50,255.189,255.181,255.206,3804,3752,3810,1.0000,0.9999,1.0000
clang++,final,-Ofast,safe_stack,50,255.311,255.299,255.330,3892,3840,3904,1.0004,1.0004,1.0005
clang++,final,-Ofast,stack_protector,50,255.196,255.187,255.209,3774,3752,3812,1.0000,0.9999,1.0001
clang++,final,-Ofast,stack_protector_all,50,255.196,255.180,255.204,3804,3752,3818,1.0000,0.9999,1.0001
clang++,final,-Ofast,stack_protector_strong,50,255.194,255.185,255.206,3806,3758,3828,1.0000,0.9999,1.0001
clang++,final,-Ofast,ubsan,50,249.584,249.547,249.650,4196,4136,4218,0.9780,0.9778,0.9783
clang++,final,-Os,asan,50,751.828,751.629,752.050,11756,9972,12380,2.9460,2.9454,2.9469
clang++,final,-Os,baseline,50,255.199,255.191,255.209,3802,3752,3812,,,
clang++,final,-Os,execstack,50,255.196,255.183,255.206,3754,3748,3808,1.0000,0.9999,1.0000
clang++,final,-Os,fortify1,50,434.148,433.841,434.510,3808,3762,3810,1.7012,1.7000,1.7026
clang++,final,-Os,fortify2,50,434.375,433.986,434.671,3806,3764,3810,1.7021,1.7006,1.7033
clang++,final,-Os,fortify_off,50,255.199,255.189,255.205,3810,3752,3852,1.0000,0.9999,1.0000
clang++,final,-Os,hardening_baseline,50,438.296,437.889,438.562,3810,3804,3840,1.7175,1.7158,1.7185
clang++,final,-Os,lto,50,255.193,255.179,255.203,3804,3764,3808,1.0000,0.9999,1.0000
clang++,final,-Os,msan,50,1440.997,1440.579,1442.066,8550,6678,8616,5.6466,5.6449,5.6507
clang++,final,-Os,no_pie,50,252.244,252.232,252.250,3756,3752,3804,0.9884,0.9884,0.9885
clang++,final,-Os,no_plt,50,216.841,216.828,216.851,3810,3788,3824,0.8497,0.8496,0.8497
clang++,final,-Os,no_stack_protector,50,255.198,255.184,255.210,3756,3748,3804,1.0000,0.9999,1.0001
clang++,final,-Os,noexecstack,50,255.198,255.189,255.204,3800,3748,3808,1.0000,0.9999,1.0000
clang++,final,-Os,pie,50,255.195,255.182,255.212,3776,3750,3812,1.0000,0.9999,1.0001
clang++,final,-Os,relro_full,50,255.196,255.183,255.205,3808,3752,3814,1.0000,0.9999,1.0000
clang++,final,-Os,safe_stack,50,255.297,255.287,255.302,3836,3836,3864,1.0004,1.0003,1.0004
clang++,final,-Os,stack_protector,50,252.235,252.224,252.245,3804,3756,3816,0.9884,0.9883,0.9884
clang++,final,-Os,stack_protector_all,50,252.251,252.235,252.258,3804,3758,3812,0.9884,0.9884,0.9885
clang++,final,-Os,stack_protector_strong,50,252.239,252.231,252.252,3804,3752,3818,0.9884,0.9883,0.9885
clang++,final,-Os,ubsan,50,252.624,252.516,252.664,4240,4196,4260,0.9899,0.9895,0.9901
clang++,final,-Oz,asan,50,751.668,751.309,752.019,11736,9924,11876,2.9799,2.9784,2.9814
clang++,final,-Oz,baseline,50,252.247,252.237,252.253,3804,3764,3828,,,
clang++,final,-Oz,execstack,50,252.247,252.238,252.256,3806,3776,3812,1.0000,1.0000,1.0001
clang++,final,-Oz,fortify1,50,437.195,436.900,437.696,3804,3756,3808,1.7332,1.7320,1.7352
clang++,final,-Oz,fortify2,50,437.519,437.229,437.673,3764,3752,3808,1.7345,1.7334,1.7351
clang++,final,-Oz,fortify_off,50,252.243,252.233,252.255,3752,3748,3806,1.0000,0.9999,1.0000
clang++,final,-Oz,hardening_baseline,50,434.331,434.159,435.013,3822,3782,3876,1.7219,1.7211,1.7246
clang++,final,-Oz,lto,50,252.243,252.235,252.254,3760,3748,3804,1.0000,0.9999,1.0000
clang++,final,-Oz,msan,50,1443.199,1442.931,1443.686,8538,6756,8552,5.7214,5.7203,5.7235
clang++,final,-Oz,no_pie,50,255.198,255.180,255.209,3804,3762,3808,1.0117,1.0116,1.0118
clang++,final,-Oz,no_plt,50,213.877,213.868,213.892,3758,3748,3808,0.8479,0.8478,0.8480
clang++,final,-Oz,no_stack_protector,50,252.254,252.243,252.269,3808,3764,3814,1.0000,1.0000,1.0001
clang++,final,-Oz,noexecstack,50,252.240,252.230,252.255,3766,3748,3808,1.0000,0.9999,1.0000
clang++,final,-Oz,pie,50,252.247,252.236,252.260,3804,3762,3810,1.0000,1.0000,1.0001
clang++,final,-Oz,relro_full,50,252.260,252.248,252.266,3796,3748,3808,1.0001,1.0000,1.0001
clang++,final,-Oz,safe_stack,50,249.390,249.384,249.399,3900,3840,3906,0.9887,0.9886,0.9887
clang++,final,-Oz,stack_protector,50,258.149,258.141,258.162,3808,3756,3824,1.0234,1.0234,1.0235
clang++,final,-Oz,stack_protector_all,50,258.145,258.134,258.165,3812,3788,3872,1.0234,1.0233,1.0235
clang++,final,-Oz,stack_protector_strong,50,258.137,258.130,258.149,3804,3764,3812,1.0234,1.0233,1.0234
clang++,final,-Oz,ubsan,50,255.471,255.448,255.606,4198,4136,4256,1.0128,1.0127,1.0133
clang++,startup,-O0,asan,50,18.928,18.760,19.041,11744,11334,12892,14.3717,14.2443,14.4658
clang++,startup,-O0,baseline,50,1.317,1.314,1.319,3596,3576,3632,,,
clang++,startup,-O0,execstack,50,1.207,1.203,1.212,3582,3572,3600,0.9165,0.9131,0.9201
clang++,startup,-O0,fortify1,50,1.204,1.200,1.209,3574,3572,3600,0.9146,0.9112,0.9180
clang++,startup,-O0,fortify2,50,1.206,1.203,1.210,3580,3572,3596,0.9157,0.9132,0.9190
clang++,startup,-O0,fortify_off,50,1.206,1.203,1.211,3580,3572,3600,0.9161,0.9131,0.9201
clang++,startup,-O0,hardening_baseline,50,1.212,1.208,1.216,3596,3582,3632,0.9199,0.9169,0.9233
clang++,startup,-O0,lto,50,1.216,1.215,1.220,3582,3574,3596,0.9237,0.9219,0.9274
clang++,startup,-O0,msan,50,5.687,5.660,5.715,8426,6608,8488,4.3181,4.2976,4.3411
clang++,startup,-O0,no_pie,50,1.205,1.202,1.208,3586,3576,3598,0.9150,0.9127,0.9176
clang++,startup,-O0,no_plt,50,1.204,1.201,1.206,3578,3572,3594,0.9142,0.9115,0.9166
clang++,startup,-O0,no_stack_protector,50,1.212,1.204,1.216,3580,3572,3596,0.9199,0.9139,0.9240
clang++,startup,-O0,noexecstack,50,1.206,1.201,1.210,3588,3574,3632,0.9157,0.9120,0.9189
clang++,startup,-O0,pie,50,1.215,1.211,1.217,3584,3576,3598,0.9226,0.9192,0.9251
clang++,startup,-O0,relro_full,50,1.207,1.203,1.209,3582,3576,3592,0.9165,0.9127,0.9190
clang++,startup,-O0,safe_stack,50,1.374,1.367,1.385,3662,3640,3678,1.0433,1.0375,1.0516
clang++,startup,-O0,stack_protector,50,1.208,1.202,1.214,3580,3572,3596,0.9169,0.9120,0.9226
clang++,startup,-O0,stack_protector_all,50,1.214,1.208,1.225,3584,3576,3596,0.9214,0.9169,0.9305
clang++,startup,-O0,stack_protector_strong,50,1.207,1.203,1.212,3586,3572,3596,0.9165,0.9131,0.9203
clang++,startup,-O0,ubsan,50,1.544,1.536,1.622,3958,3938,3972,1.1724,1.1665,1.2316
clang++,startup,-O1,asan,50,18.809,18.666,19.104,11016,9696,12932,15.5708,15.4422,15.8487
clang++,startup,-O1,baseline,50,1.208,1.202,1.212,3580,3572,3596,,,
clang++,startup,-O1,execstack,50,1.206,1.204,1.211,3580,3576,3594,0.9983,0.9950,1.0062
clang++,startup,-O1,fortify1,50,1.211,1.206,1.214,3590,3576,3628,1.0021,0.9975,1.0087
clang++,startup,-O1,fortify2,50,1.211,1.206,1.215,3596,3578,3598,1.0025,0.9979,1.0092
clang++,startup,-O1,fortify_off,50,1.205,1.201,1.211,3580,3572,3596,0.9975,0.9934,1.0050
clang++,startup,-O1,hardening_baseline,50,1.209,1.205,1.212,3588,3580,3596,1.0004,0.9967,1.0067
clang++,startup,-O1,lto,50,1.217,1.214,1.220,3576,3572,3596,1.0075,1.0037,1.0133
clang++,startup,-O1,msan,50,5.635,5.610,5.672,6544,6532,8428,4.6643,4.6380,4.7100
clang++,startup,-O1,no_pie,50,1.203,1.197,1.207,3576,3566,3596,0.9954,0.9893,1.0025
clang++,startup,-O1,no_plt,50,1.206,1.203,1.208,3580,3572,3594,0.9983,0.9946,1.0042
clang++,startup,-O1,no_stack_protector,50,1.207,1.203,1.212,3584,3576,3596,0.9992,0.9950,1.0067
clang++,startup,-O1,noexecstack,50,1.210,1.206,1.218,3596,3576,3604,1.0012,0.9967,1.0096
clang++,startup,-O1,pie,50,1.207,1.204,1.211,3580,3572,3590,0.9992,0.9950,1.0071
clang++,startup,-O1,relro_full,50,1.206,1.204,1.209,3578,3572,3600,0.9983,0.9950,1.0046
clang++,startup,-O1,safe_stack,50,1.369,1.341,1.378,3654,3640,3672,1.1337,1.1106,1.1443
clang++,startup,-O1,stack_protector,50,1.211,1.208,1.215,3592,3582,3610,1.0025,0.9988,1.0092
clang++,startup,-O1,stack_protector_all,50,1.209,1.204,1.212,3580,3568,3596,1.0004,0.9967,1.0075
clang++,startup,-O1,stack_protector_strong,50,1.206,1.203,1.216,3580,3572,3600,0.9983,0.9942,1.0095
clang++,startup,-O1,ubsan,50,1.551,1.539,1.667,4028,3970,4072,1.2844,1.2730,1.3750
clang++,startup,-O2,asan,50,18.948,18.838,19.053,11634,10796,12314,15.7114,15.6103,15.7998
clang++,startup,-O2,baseline,50,1.206,1.203,1.210,3580,3572,3596,,,
clang++,startup,-O2,execstack,50,1.206,1.203,1.210,3584,3572,3594,1.0004,0.9963,1.0046
clang++,startup,-O2,fortify1,50,1.209,1.206,1.212,3580,3572,3598,1.0021,0.9983,1.0062
clang++,startup,-O2,fortify2,50,1.206,1.204,1.211,3582,3572,3598,1.0004,0.9967,1.0050
clang++,startup,-O2,fortify_off,50,1.206,1.203,1.211,3596,3580,3618,1.0000,0.9963,1.0054
clang++,startup,-O2,hardening_baseline,50,1.205,1.202,1.210,3584,3572,3604,0.9996,0.9963,1.0037
clang++,startup,-O2,lto,50,1.217,1.213,1.222,3586,3572,3600,1.0091,1.0041,1.0137
clang++,startup,-O2,msan,50,5.671,5.624,5.715,8422,6540,8466,4.7023,4.6621,4.7425
clang++,startup,-O2,no_pie,50,1.203,1.198,1.208,3580,3572,3596,0.9975,0.9930,1.0025
clang++,startup,-O2,no_plt,50,1.208,1.204,1.211,3588,3578,3600,1.0012,0.9967,1.0054
clang++,startup,-O2,no_stack_protector,50,1.206,1.203,1.209,3578,3570,3616,1.0004,0.9963,1.0042
clang++,startup,-O2,noexecstack,50,1.205,1.201,1.209,3584,3576,3596,0.9996,0.9946,1.0033
clang++,startup,-O2,pie,50,1.207,1.203,1.212,3586,3574,3602,1.0008,0.9967,1.0058
clang++,startup,-O2,relro_full,50,1.210,1.205,1.216,3596,3580,3632,1.0033,0.9988,1.0087
clang++,startup,-O2,safe_stack,50,1.371,1.358,1.385,3654,3640,3660,1.1368,1.1260,1.1480
clang++,startup,-O2,stack_protector,50,1.203,1.201,1.207,3576,3572,3584,0.9975,0.9942,1.0025
clang++,startup,-O2,stack_protector_all,50,1.206,1.202,1.210,3580,3572,3600,1.0004,0.9959,1.0042
clang++,startup,-O2,stack_protector_strong,50,1.208,1.204,1.212,3582,3572,3636,1.0012,0.9971,1.0062
clang++,startup,-O2,ubsan,50,1.543,1.532,1.613,3966,3956,3982,1.2794,1.2703,1.3397
clang++,startup,-O3,asan,50,18.982,18.887,19.087,11732,10856,12956,15.7523,15.6456,15.8441
clang++,startup,-O3,baseline,50,1.205,1.203,1.209,3582,3572,3596,,,
clang++,startup,-O3,execstack,50,1.207,1.204,1.215,3586,3576,3598,1.0017,0.9971,1.0083
clang++,startup,-O3,fortify1,50,1.208,1.204,1.213,3580,3572,3608,1.0021,0.9971,1.0071
clang++,startup,-O3,fortify2,50,1.208,1.204,1.212,3592,3580,3598,1.0025,0.9971,1.0058
clang++,startup,-O3,fortify_off,50,1.204,1.201,1.208,3584,3572,3592,0.9992,0.9954,1.0033
clang++,startup,-O3,hardening_baseline,50,1.210,1.205,1.213,3576,3572,3584,1.0041,0.9983,1.0071
clang++,startup,-O3,lto,50,1.222,1.216,1.225,3596,3580,3600,1.0141,1.0075,1.0174
clang++,startup,-O3,msan,50,5.655,5.617,5.687,6600,6518,8420,4.6929,4.6551,4.7176
clang++,startup,-O3,no_pie,50,1.201,1.196,1.204,3574,3560,3592,0.9967,0.9917,1.0000
clang++,startup,-O3,no_plt,50,1.205,1.202,1.212,3580,3572,3594,1.0004,0.9950,1.0058
clang++,startup,-O3,no_stack_protector,50,1.204,1.203,1.209,3576,3568,3592,0.9992,0.9954,1.0033
clang++,startup,-O3,noexecstack,50,1.209,1.205,1.212,3582,3574,3598,1.0029,0.9983,1.0066
clang++,startup,-O3,pie,50,1.206,1.203,1.212,3580,3572,3600,1.0008,0.9963,1.0066
clang++,startup,-O3,relro_full,50,1.208,1.205,1.214,3596,3580,3618,1.0021,0.9983,1.0071
clang++,startup,-O3,safe_stack,50,1.367,1.353,1.378,3664,3658,3670,1.1344,1.1224,1.1440
clang++,startup,-O3,stack_protector,50,1.206,1.203,1.212,3592,3576,3596,1.0008,0.9963,1.0062
clang++,startup,-O3,stack_protector_all,50,1.204,1.201,1.208,3584,3576,3598,0.9996,0.9950,1.0029
clang++,startup,-O3,stack_protector_strong,50,1.205,1.202,1.210,3582,3572,3600,1.0004,0.9955,1.0041
clang++,startup,-O3,ubsan,50,1.546,1.535,1.619,3994,3962,4068,1.2834,1.2730,1.3441
clang++,startup,-Ofast,asan,50,18.869,18.770,19.160,11582,9760,12786,15.6459,15.5418,15.8766
clang++,startup,-Ofast,baseline,50,1.206,1.202,1.210,3572,3568,3586,,,
clang++,startup,-Ofast,execstack,50,1.208,1.202,1.210,3592,3578,3618,1.0012,0.9959,1.0054
clang++,startup,-Ofast,fortify1,50,1.209,1.204,1.218,3588,3580,3596,1.0021,0.9971,1.0099
clang++,startup,-Ofast,fortify2,50,1.206,1.203,1.209,3580,3574,3594,1.0000,0.9967,1.0042
clang++,startup,-Ofast,fortify_off,50,1.208,1.203,1.211,3590,3576,3632,1.0017,0.9967,1.0058
clang++,startup,-Ofast,hardening_baseline,50,1.206,1.204,1.208,3584,3572,3598,1.0000,0.9967,1.0037
clang++,startup,-Ofast,lto,50,1.216,1.212,1.220,3576,3572,3584,1.0083,1.0033,1.0133
clang++,startup,-Ofast,msan,50,5.671,5.634,5.693,8416,6538,8468,4.7027,4.6678,4.7272
clang++,startup,-Ofast,no_pie,50,1.204,1.202,1.207,3592,3576,3602,0.9983,0.9946,1.0029
clang++,startup,-Ofast,no_plt,50,1.207,1.204,1.209,3580,3572,3596,1.0008,0.9971,1.0042
clang++,startup,-Ofast,no_stack_protector,50,1.206,1.203,1.210,3584,3576,3632,1.0000,0.9955,1.0050
clang++,startup,-Ofast,noexecstack,50,1.206,1.203,1.211,3586,3576,3604,1.0000,0.9959,1.0046
clang++,startup,-Ofast,pie,50,1.206,1.203,1.210,3584,3576,3612,1.0000,0.9963,1.0046
clang++,startup,-Ofast,relro_full,50,1.208,1.204,1.212,3580,3570,3604,1.0017,0.9967,1.0058
clang++,startup,-Ofast,safe_stack,50,1.377,1.369,1.385,3668,3656,3680,1.1422,1.1349,1.1489
clang++,startup,-Ofast,stack_protector,50,1.209,1.204,1.217,3582,3572,3600,1.0021,0.9975,1.0091
clang++,startup,-Ofast,stack_protector_all,50,1.207,1.203,1.212,3580,3576,3598,1.0008,0.9963,1.0067
clang++,startup,-Ofast,stack_protector_strong,50,1.209,1.205,1.216,3576,3572,3584,1.0021,0.9983,1.0091
clang++,startup,-Ofast,ubsan,50,1.540,1.534,1.562,3968,3960,4016,1.2769,1.2705,1.2954
clang++,startup,-Os,asan,50,18.931,18.844,19.090,11726,11306,12896,15.6455,15.5461,15.7851
clang++,startup,-Os,baseline,50,1.210,1.206,1.216,3576,3572,3590,,,
clang++,startup,-Os,execstack,50,1.209,1.204,1.217,3580,3572,3596,0.9992,0.9934,1.0062
clang++,startup,-Os,fortify1,50,1.205,1.203,1.212,3582,3576,3592,0.9959,0.9914,1.0025
clang++,startup,-Os,fortify2,50,1.208,1.205,1.212,3600,3580,3636,0.9983,0.9934,1.0025
clang++,startup,-Os,fortify_off,50,1.205,1.203,1.208,3580,3572,3592,0.9963,0.9914,1.0004
clang++,startup,-Os,hardening_baseline,50,1.210,1.206,1.214,3590,3572,3600,0.9996,0.9947,1.0050
clang++,startup,-Os,lto,50,1.216,1.212,1.224,3580,3572,3596,1.0050,0.9992,1.0116
clang++,startup,-Os,msan,50,5.650,5.611,5.677,8416,6600,8480,4.6694,4.6343,4.6984
clang++,startup,-Os,no_pie,50,1.205,1.202,1.207,3592,3580,3614,0.9959,0.9909,1.0000
clang++,startup,-Os,no_plt,50,1.209,1.203,1.214,3578,3572,3596,0.9988,0.9926,1.0046
clang++,startup,-Os,no_stack_protector,50,1.208,1.205,1.212,3580,3576,3600,0.9979,0.9934,1.0025
clang++,startup,-Os,noexecstack,50,1.206,1.203,1.208,3578,3572,3596,0.9967,0.9917,1.0004
clang++,startup,-Os,pie,50,1.209,1.203,1.213,3596,3572,3618,0.9988,0.9930,1.0041
clang++,startup,-Os,relro_full,50,1.204,1.201,1.209,3586,3576,3596,0.9955,0.9901,1.0000
clang++,startup,-Os,safe_stack,50,1.374,1.366,1.385,3658,3640,3668,1.1355,1.1273,1.1461
clang++,startup,-Os,stack_protector,50,1.209,1.205,1.217,3596,3576,3628,0.9992,0.9934,1.0070
clang++,startup,-Os,stack_protector_all,50,1.209,1.205,1.213,3588,3570,3600,0.9992,0.9938,1.0037
clang++,startup,-Os,stack_protector_strong,50,1.207,1.204,1.211,3580,3572,3596,0.9975,0.9926,1.0025
clang++,startup,-Os,ubsan,50,1.542,1.536,1.554,3970,3960,4036,1.2748,1.2671,1.2880
clang++,startup,-Oz,asan,50,18.894,18.719,19.010,11312,9724,12234,15.6278,15.4582,15.7327
clang++,startup,-Oz,baseline,50,1.209,1.205,1.217,3580,3572,3592,,,
clang++,startup,-Oz,execstack,50,1.210,1.203,1.217,3576,3572,3592,1.0004,0.9918,1.0070
clang++,startup,-Oz,fortify1,50,1.208,1.204,1.217,3586,3570,3604,0.9996,0.9918,1.0079
clang++,startup,-Oz,fortify2,50,1.211,1.208,1.217,3580,3576,3592,1.0017,0.9947,1.0075
clang++,startup,-Oz,fortify_off,50,1.208,1.204,1.212,3580,3576,3600,0.9988,0.9914,1.0037
clang++,startup,-Oz,hardening_baseline,50,1.208,1.205,1.212,3592,3578,3624,0.9992,0.9926,1.0033
clang++,startup,-Oz,lto,50,1.216,1.213,1.223,3584,3576,3616,1.0058,0.9992,1.0124
clang++,startup,-Oz,msan,50,5.663,5.622,5.696,8382,6514,8420,4.6840,4.6432,4.7172
clang++,startup,-Oz,no_pie,50,1.203,1.200,1.207,3584,3572,3600,0.9946,0.9881,1.0000
clang++,startup,-Oz,no_plt,50,1.207,1.203,1.212,3576,3572,3582,0.9983,0.9910,1.0041
clang++,startup,-Oz,no_stack_protector,50,1.208,1.206,1.212,3594,3576,3632,0.9992,0.9926,1.0041
clang++,startup,-Oz,noexecstack,50,1.206,1.202,1.216,3580,3574,3594,0.9979,0.9905,1.0066
clang++,startup,-Oz,pie,50,1.208,1.204,1.211,3592,3578,3600,0.9992,0.9922,1.0033
clang++,startup,-Oz,relro_full,50,1.211,1.206,1.214,3584,3576,3596,1.0012,0.9938,1.0058
clang++,startup,-Oz,safe_stack,50,1.368,1.359,1.380,3660,3640,3670,1.1315,1.1220,1.1425
clang++,startup,-Oz,stack_protector,50,1.207,1.202,1.215,3588,3580,3596,0.9983,0.9909,1.0050
clang++,startup,-Oz,stack_protector_all,50,1.211,1.204,1.215,3582,3572,3600,1.0012,0.9934,1.0062
clang++,startup,-Oz,stack_protector_strong,50,1.208,1.204,1.212,3592,3576,3600,0.9988,0.9918,1.0041
clang++,startup,-Oz,ubsan,50,1.539,1.531,1.562,3960,3944,4032,1.2730,1.2630,1.2921
clang++,suma,-O0,asan,50,2561.041,2558.278,2562.913,18290,16424,18376,1.4375,1.4356,1.4386
clang++,suma,-O0,baseline,50,1781.650,1781.272,1782.720,6896,6884,6912,,,
clang++,suma,-O0,execstack,50,1782.551,1780.929,1783.715,6880,6856,6890,1.0005,0.9995,1.0011
clang++,suma,-O0,fortify1,50,1784.705,1781.414,1786.706,6892,6876,6906,1.0017,0.9997,1.0029
clang++,suma,-O0,fortify2,50,1782.787,1781.254,1783.702,6894,6876,6906,1.0006,0.9996,1.0012
clang++,suma,-O0,fortify_off,50,1781.052,1780.155,1782.204,6898,6856,6912,0.9997,0.9989,1.0003
clang++,suma,-O0,hardening_baseline,50,1776.729,1776.530,1777.127,6892,6850,6906,0.9972,0.9966,0.9976
clang++,suma,-O0,lto,50,1781.249,1780.125,1782.795,6886,6872,6904,0.9998,0.9989,1.0006
clang++,suma,-O0,msan,50,15743.880,15740.997,15748.092,15932,14392,15978,8.8367,8.8312,8.8395
clang++,suma,-O0,no_pie,50,1783.566,1782.151,1785.199,6884,6860,6900,1.0011,1.0001,1.0020
clang++,suma,-O0,no_plt,50,1780.410,1779.477,1781.619,6890,6880,6908,0.9993,0.9985,1.0001
clang++,suma,-O0,no_stack_protector,50,1781.748,1780.378,1782.571,6892,6882,6904,1.0001,0.9991,1.0005
clang++,suma,-O0,noexecstack,50,1783.896,1782.095,1784.580,6896,6856,6910,1.0013,1.0002,1.0017
clang++,suma,-O0,pie,50,1781.561,1780.146,1783.585,6888,6832,6900,1.0000,0.9989,1.0010
clang++,suma,-O0,relro_full,50,1782.205,1780.708,1783.198,6850,6832,6900,1.0003,0.9993,1.0009
clang++,suma,-O0,safe_stack,50,1718.754,1718.302,1719.245,6940,6920,6970,0.9647,0.9641,0.9650
clang++,suma,-O0,stack_protector,50,1782.659,1780.587,1783.882,6898,6878,6906,1.0006,0.9993,1.0012
clang++,suma,-O0,stack_protector_all,50,2073.838,2073.499,2074.191,6896,6836,6912,1.1640,1.1633,1.1643
clang++,suma,-O0,stack_protector_strong,50,1776.708,1776.503,1777.156,6890,6852,6908,0.9972,0.9966,0.9975
clang++,suma,-O0,ubsan,50,4212.677,4199.714,4223.944,7316,7258,7330,2.3645,2.3563,2.3709
clang++,suma,-O1,asan,50,157.044,156.968,157.139,16218,14346,16284,1.2952,1.2939,1.2965
clang++,suma,-O1,baseline,50,121.248,121.167,121.360,6894,6870,6916,,,
clang++,suma,-O1,execstack,50,121.227,121.147,121.320,6886,6860,6916,0.9998,0.9987,1.0008
clang++,suma,-O1,fortify1,50,121.187,121.148,121.283,6888,6856,6904,0.9995,0.9986,1.0006
clang++,suma,-O1,fortify2,50,82.373,82.188,82.448,6892,6882,6904,0.6794,0.6777,0.6802
clang++,suma,-O1,fortify_off,50,121.169,121.139,121.227,6884,6864,6900,0.9994,0.9984,1.0002
clang++,suma,-O1,hardening_baseline,50,121.288,121.201,121.346,6872,6842,6888,1.0003,0.9992,1.0011
clang++,suma,-O1,lto,50,121.209,121.159,121.305,6892,6870,6904,0.9997,0.9987,1.0007
clang++,suma,-O1,msan,50,232.193,231.415,232.691,14312,14280,15852,1.9150,1.9083,1.9187
clang++,suma,-O1,no_pie,50,83.723,83.540,83.979,6888,6868,6894,0.6905,0.6889,0.6926
clang++,suma,-O1,no_plt,50,82.362,82.250,82.515,6902,6888,6908,0.6793,0.6781,0.6806
clang++,suma,-O1,no_stack_protector,50,121.190,121.149,121.270,6904,6888,6912,0.9995,0.9986,1.0004
clang++,suma,-O1,noexecstack,50,121.221,121.150,121.279,6894,6880,6908,0.9998,0.9987,1.0006
clang++,suma,-O1,pie,50,121.256,121.151,121.297,6892,6864,6904,1.0001,0.9987,1.0008
clang++,suma,-O1,relro_full,50,121.182,121.136,121.249,6892,6876,6906,0.9995,0.9985,1.0003
clang++,suma,-O1,safe_stack,50,121.361,121.281,121.420,6922,6912,6956,1.0009,0.9997,1.0018
clang++,suma,-O1,stack_protector,50,121.178,121.097,121.252,6900,6884,6916,0.9994,0.9983,1.0004
clang++,suma,-O1,stack_protector_all,50,121.178,121.150,121.239,6876,6844,6898,0.9994,0.9985,1.0004
clang++,suma,-O1,stack_protector_strong,50,121.222,121.152,121.302,6900,6888,6912,0.9998,0.9987,1.0008
clang++,suma,-O1,ubsan,50,240.374,240.277,240.420,7298,7264,7324,1.9825,1.9806,1.9839
clang++,suma,-O2,asan,50,154.399,154.266,154.531,16162,14328,16292,2.7283,2.7230,2.7314
clang++,suma,-O2,baseline,50,56.593,56.567,56.687,6888,6856,6900,,,
clang++,suma,-O2,execstack,50,56.606,56.554,56.742,6888,6882,6910,1.0002,0.9985,1.0028
clang++,suma,-O2,fortify1,50,56.606,56.517,56.685,6904,6890,6912,1.0002,0.9977,1.0019
clang++,suma,-O2,fortify2,50,48.175,48.135,48.198,6894,6882,6912,0.8513,0.8496,0.8519
clang++,suma,-O2,fortify_off,50,56.630,56.577,56.725,6886,6872,6904,1.0007,0.9986,1.0024
clang++,suma,-O2,hardening_baseline,50,56.858,56.815,56.907,6888,6852,6896,1.0047,1.0028,1.0058
clang++,suma,-O2,lto,50,56.877,56.831,56.931,6886,6874,6896,1.0050,1.0031,1.0061
clang++,suma,-O2,msan,50,124.221,123.889,124.452,14336,14292,15944,2.1950,2.1881,2.1993
clang++,suma,-O2,no_pie,50,48.122,48.093,48.193,6892,6872,6900,0.8503,0.8488,0.8517
clang++,suma,-O2,no_plt,50,48.157,48.105,48.174,6872,6818,6894,0.8510,0.8493,0.8515
clang++,suma,-O2,no_stack_protector,50,56.586,56.566,56.636,6900,6882,6920,0.9999,0.9982,1.0009
clang++,suma,-O2,noexecstack,50,56.578,56.557,56.603,6892,6884,6908,0.9997,0.9981,1.0005
clang++,suma,-O2,pie,50,56.633,56.550,56.667,6886,6880,6900,1.0007,0.9982,1.0016
clang++,suma,-O2,relro_full,50,56.569,56.523,56.680,6888,6860,6906,0.9996,0.9977,1.0016
clang++,suma,-O2,safe_stack,50,56.753,56.730,56.802,6934,6924,6956,1.0028,1.0010,1.0040
clang++,suma,-O2,stack_protector,50,56.558,56.527,56.599,6886,6832,6906,0.9994,0.9977,1.0004
clang++,suma,-O2,stack_protector_all,50,56.847,56.793,56.882,6900,6874,6912,1.0045,1.0023,1.0053
clang++,suma,-O2,stack_protector_strong,50,56.597,56.548,56.673,6888,6858,6902,1.0001,0.9981,1.0015
clang++,suma,-O2,ubsan,50,240.291,240.250,240.450,7288,7230,7308,4.2460,4.2389,4.2498
clang++,suma,-O3,asan,50,154.293,154.217,154.414,14410,14316,16272,2.7265,2.7244,2.7289
clang++,suma,-O3,baseline,50,56.591,56.570,56.624,6884,6856,6892,,,
clang++,suma,-O3,execstack,50,56.581,56.549,56.669,6894,6882,6904,0.9998,0.9991,1.0012
clang++,suma,-O3,fortify1,50,56.595,56.561,56.699,6892,6852,6906,1.0001,0.9992,1.0020
clang++,suma,-O3,fortify2,50,48.165,48.123,48.211,6898,6886,6904,0.8511,0.8501,0.8519
clang++,suma,-O3,fortify_off,50,56.566,56.541,56.603,6900,6884,6908,0.9996,0.9988,1.0003
clang++,suma,-O3,hardening_baseline,50,56.949,56.864,57.004,6886,6848,6898,1.0063,1.0046,1.0074
clang++,suma,-O3,lto,50,56.873,56.851,56.919,6888,6836,6904,1.0050,1.0042,1.0060
clang++,suma,-O3,msan,50,124.040,123.876,124.429,14380,14284,15916,2.1919,2.1887,2.1989
clang++,suma,-O3,no_pie,50,48.129,48.095,48.160,6886,6856,6906,0.8505,0.8497,0.8510
clang++,suma,-O3,no_plt,50,48.198,48.160,48.229,6882,6856,6896,0.8517,0.8507,0.8523
clang++,suma,-O3,no_stack_protector,50,56.595,56.565,56.678,6896,6884,6912,1.0001,0.9992,1.0016
clang++,suma,-O3,noexecstack,50,56.650,56.579,56.791,6888,6874,6900,1.0011,0.9996,1.0035
clang++,suma,-O3,pie,50,56.565,56.549,56.624,6898,6886,6904,0.9995,0.9988,1.0006
clang++,suma,-O3,relro_full,50,56.592,56.559,56.640,6880,6854,6892,1.0000,0.9991,1.0010
clang++,suma,-O3,safe_stack,50,56.767,56.720,56.807,6922,6904,6936,1.0031,1.0021,1.0040
clang++,suma,-O3,stack_protector,50,56.627,56.567,56.700,6888,6880,6902,1.0006,0.9993,1.0021
clang++,suma,-O3,stack_protector_all,50,56.900,56.839,56.941,6880,6812,6892,1.0055,1.0042,1.0062
clang++,suma,-O3,stack_protector_strong,50,56.582,56.547,56.605,6888,6852,6900,0.9998,0.9989,1.0004
clang++,suma,-O3,ubsan,50,358.120,357.965,358.269,7276,7226,7308,6.3283,6.3236,6.3320
clang++,suma,-Ofast,asan,50,146.953,146.834,147.036,16248,14352,16322,2.5848,2.5823,2.5869
clang++,suma,-Ofast,baseline,50,56.853,56.810,56.889,6888,6846,6900,,,
clang++,suma,-Ofast,execstack,50,56.875,56.848,56.977,6904,6884,6912,1.0004,0.9996,1.0023
clang++,suma,-Ofast,fortify1,50,56.927,56.859,57.028,6888,6860,6906,1.0013,0.9999,1.0034
clang++,suma,-Ofast,fortify2,50,48.185,48.142,48.235,6888,6870,6898,0.8475,0.8467,0.8486
clang++,suma,-Ofast,fortify_off,50,56.851,56.799,56.922,6886,6856,6900,1.0000,0.9988,1.0014
clang++,suma,-Ofast,hardening_baseline,50,56.576,56.549,56.651,6888,6868,6904,0.9951,0.9944,0.9967
clang++,suma,-Ofast,lto,50,56.578,56.559,56.648,6894,6870,6904,0.9952,0.9945,0.9966
clang++,suma,-Ofast,msan,50,124.629,124.296,124.920,15528,13878,15608,2.1921,2.1860,2.1972
clang++,suma,-Ofast,no_pie,50,48.167,48.149,48.246,6888,6860,6908,0.8472,0.8466,0.8487
clang++,suma,-Ofast,no_plt,50,48.140,48.105,48.194,6886,6848,6896,0.8467,0.8460,0.8478
clang++,suma,-Ofast,no_stack_protector,50,56.828,56.797,56.862,6888,6860,6904,0.9996,0.9988,1.0005
clang++,suma,-Ofast,noexecstack,50,56.850,56.804,56.958,6900,6858,6910,0.9999,0.9989,1.0020
clang++,suma,-Ofast,pie,50,56.840,56.811,56.871,6866,6822,6892,0.9998,0.9990,1.0007
clang++,suma,-Ofast,relro_full,50,56.832,56.800,56.894,6874,6812,6888,0.9996,0.9989,1.0009
clang++,suma,-Ofast,safe_stack,50,56.995,56.957,57.052,6932,6920,6950,1.0025,1.0015,1.0038
clang++,suma,-Ofast,stack_protector,50,56.847,56.815,56.937,6892,6880,6912,0.9999,0.9991,1.0017
clang++,suma,-Ofast,stack_protector_all,50,56.611,56.562,56.645,6900,6872,6904,0.9957,0.9946,0.9967
clang++,suma,-Ofast,stack_protector_strong,50,56.835,56.811,56.896,6890,6856,6906,0.9997,0.9990,1.0010
clang++,suma,-Ofast,ubsan,50,358.082,358.000,358.181,7302,7268,7318,6.2984,6.2944,6.3035
clang++,suma,-Os,asan,50,149.415,149.224,149.640,14284,14244,14388,2.2004,2.1974,2.2042
clang++,suma,-Os,baseline,50,67.903,67.847,67.953,6884,6860,6902,,,
clang++,suma,-Os,execstack,50,67.900,67.832,68.023,6886,6876,6900,1.0000,0.9987,1.0018
clang++,suma,-Os,fortify1,50,67.892,67.846,67.961,6900,6880,6910,0.9998,0.9989,1.0013
clang++,suma,-Os,fortify2,50,91.446,91.423,91.514,6904,6884,6914,1.3467,1.3456,1.3484
clang++,suma,-Os,fortify_off,50,67.918,67.852,67.980,6888,6874,6904,1.0002,0.9990,1.0015
clang++,suma,-Os,hardening_baseline,50,67.907,67.869,67.958,6896,6854,6904,1.0001,0.9991,1.0012
clang++,suma,-Os,lto,50,67.894,67.877,68.054,6890,6880,6900,0.9999,0.9991,1.0021
clang++,suma,-Os,msan,50,167.056,166.615,167.346,14326,14280,15880,2.4602,2.4530,2.4654
clang++,suma,-Os,no_pie,50,120.895,120.853,120.939,6886,6856,6896,1.7804,1.7789,1.7821
clang++,suma,-Os,no_plt,50,91.376,91.355,91.454,6884,6842,6904,1.3457,1.3447,1.3472
clang++,suma,-Os,no_stack_protector,50,67.858,67.841,67.917,6904,6888,6912,0.9993,0.9986,1.0005
clang++,suma,-Os,noexecstack,50,67.921,67.876,67.989,6888,6876,6900,1.0003,0.9992,1.0015
clang++,suma,-Os,pie,50,67.858,67.824,67.921,6904,6888,6920,0.9993,0.9985,1.0005
clang++,suma,-Os,relro_full,50,67.917,67.863,68.026,6890,6862,6904,1.0002,0.9991,1.0020
clang++,suma,-Os,safe_stack,50,68.089,67.998,68.164,6932,6916,6948,1.0027,1.0012,1.0041
clang++,suma,-Os,stack_protector,50,67.916,67.871,67.941,6888,6880,6904,1.0002,0.9991,1.0012
clang++,suma,-Os,stack_protector_all,50,67.906,67.890,67.941,6890,6860,6908,1.0001,0.9993,1.0010
clang++,suma,-Os,stack_protector_strong,50,67.919,67.855,68.036,6888,6872,6906,1.0003,0.9990,1.0020
clang++,suma,-Os,ubsan,50,1333.610,1332.441,1334.135,7282,7228,7312,19.6401,19.6172,19.6590
clang++,suma,-Oz,asan,50,170.774,170.673,170.916,16282,14364,16328,1.9200,1.9167,1.9216
clang++,suma,-Oz,baseline,50,88.945,88.921,89.081,6882,6832,6892,,,
clang++,suma,-Oz,execstack,50,88.969,88.900,89.048,6876,6836,6894,1.0003,0.9984,1.0012
clang++,suma,-Oz,fortify1,50,88.970,88.907,88.989,6892,6880,6904,1.0003,0.9985,1.0007
clang++,suma,-Oz,fortify2,50,89.269,89.205,89.353,6888,6860,6908,1.0036,1.0020,1.0046
clang++,suma,-Oz,fortify_off,50,88.972,88.931,89.017,6884,6814,6900,1.0003,0.9987,1.0009
clang++,suma,-Oz,hardening_baseline,50,180.483,180.419,180.519,6896,6876,6904,2.0292,2.0262,2.0299
clang++,suma,-Oz,lto,50,180.504,180.460,180.553,6886,6860,6902,2.0294,2.0263,2.0302
clang++,suma,-Oz,msan,50,314.173,314.034,314.308,15884,14290,15956,3.5322,3.5267,3.5341
clang++,suma,-Oz,no_pie,50,88.860,88.815,88.923,6902,6888,6908,0.9990,0.9974,0.9996
clang++,suma,-Oz,no_plt,50,89.015,88.949,89.070,6898,6884,6908,1.0008,0.9991,1.0015
clang++,suma,-Oz,no_stack_protector,50,89.088,88.968,89.192,6890,6884,6900,1.0016,0.9997,1.0027
clang++,suma,-Oz,noexecstack,50,88.948,88.919,89.012,6900,6892,6924,1.0000,0.9985,1.0008
clang++,suma,-Oz,pie,50,88.935,88.900,88.988,6888,6884,6916,0.9999,0.9983,1.0006
clang++,suma,-Oz,relro_full,50,89.020,88.924,89.116,6888,6848,6900,1.0008,0.9989,1.0019
clang++,suma,-Oz,safe_stack,50,89.094,89.047,89.192,6938,6920,6956,1.0017,1.0001,1.0027
clang++,suma,-Oz,stack_protector,50,88.937,88.896,88.987,6890,6870,6908,0.9999,0.9983,1.0006
clang++,suma,-Oz,stack_protector_all,50,180.185,180.135,180.212,6878,6832,6896,2.0258,2.0227,2.0265
clang++,suma,-Oz,stack_protector_strong,50,180.190,180.142,180.255,6890,6848,6906,2.0259,2.0228,2.0268
clang++,suma,-Oz,ubsan,50,1300.450,1297.970,1301.855,7278,7220,7318,14.6208,14.5818,14.6380
g++,final,-O0,asan,50,1153.243,1152.477,1154.311,12558,9962,13360,4.5030,4.4999,4.5072
g++,final,-O0,baseline,50,256.105,256.056,256.184,1552,1532,1572,,,
g++,final,-O0,execstack,50,256.200,256.121,256.279,1568,1530,1632,1.0004,1.0000,1.0007
g++,final,-O0,fortify1,50,256.278,256.188,256.360,1602,1568,1644,1.0007,1.0002,1.0010
g++,final,-O0,fortify2,50,256.188,256.108,256.250,1588,1524,1642,1.0003,0.9999,1.0006
g++,final,-O0,fortify_off,50,256.113,256.016,256.192,1576,1570,1620,1.0000,0.9996,1.0004
g++,final,-O0,hardening_baseline,50,254.510,254.505,254.518,1572,1550,1620,0.9938,0.9935,0.9940
g++,final,-O0,no_pie,50,251.572,251.559,251.589,1576,1542,1584,0.9823,0.9820,0.9825
g++,final,-O0,no_plt,50,251.861,251.847,251.873,1614,1570,1648,0.9834,0.9831,0.9836
g++,final,-O0,no_stack_protector,50,256.146,256.090,256.236,1568,1562,1648,1.0002,0.9998,1.0005
g++,final,-O0,noexecstack,50,256.143,256.100,256.266,1624,1574,1660,1.0001,0.9998,1.0007
g++,final,-O0,pie,50,256.207,256.106,256.276,1570,1550,1636,1.0004,0.9999,1.0007
g++,final,-O0,relro_full,50,256.183,256.091,256.239,1624,1590,1646,1.0003,0.9999,1.0006
g++,final,-O0,stack_protector,50,254.513,254.504,254.527,1622,1568,1636,0.9938,0.9935,0.9940
g++,final,-O0,stack_protector_all,50,254.512,254.502,254.516,1572,1564,1608,0.9938,0.9935,0.9940
g++,final,-O0,stack_protector_strong,50,254.522,254.514,254.527,1586,1550,1634,0.9938,0.9935,0.9940
g++,final,-O0,ubsan,50,261.207,261.199,261.222,3966,3936,3990,1.0199,1.0196,1.0201
g++,final,-O1,asan,50,1169.752,1168.075,1170.505,13262,11940,13360,4.6519,4.6452,4.6548
g++,final,-O1,baseline,50,251.459,251.448,251.470,1570,1536,1626,,,
g++,final,-O1,execstack,50,251.453,251.441,251.461,1624,1570,1644,1.0000,0.9999,1.0000
g++,final,-O1,fortify1,50,432.944,432.696,433.502,1574,1550,1628,1.7217,1.7207,1.7236
g++,final,-O1,fortify2,50,433.246,433.093,433.651,1606,1530,1646,1.7229,1.7223,1.7246
g++,final,-O1,fortify_off,50,251.452,251.446,251.469,1574,1562,1624,1.0000,0.9999,1.0001
g++,final,-O1,hardening_baseline,50,435.059,434.849,435.518,1572,1568,1620,1.7301,1.7293,1.7320
g++,final,-O1,no_pie,50,251.450,251.442,251.458,1580,1568,1612,1.0000,0.9999,1.0000
g++,final,-O1,no_plt,50,249.238,249.224,249.253,1606,1568,1668,0.9912,0.9911,0.9912
g++,final,-O1,no_stack_protector,50,251.453,251.444,251.473,1614,1572,1640,1.0000,0.9999,1.0001
g++,final,-O1,noexecstack,50,251.451,251.442,251.471,1570,1550,1624,1.0000,0.9999,1.0000
g++,final,-O1,pie,50,251.454,251.445,251.462,1586,1536,1644,1.0000,0.9999,1.0000
g++,final,-O1,relro_full,50,251.448,251.443,251.457,1592,1568,1644,1.0000,0.9999,1.0000
g++,final,-O1,stack_protector,50,251.451,251.442,251.456,1626,1568,1656,1.0000,0.9999,1.0000
g++,final,-O1,stack_protector_all,50,251.450,251.441,251.459,1622,1576,1636,1.0000,0.9999,1.0000
g++,final,-O1,stack_protector_strong,50,251.453,251.440,251.470,1608,1568,1642,1.0000,0.9999,1.0001
g++,final,-O1,ubsan,50,255.318,255.306,255.329,3948,3936,3964,1.0153,1.0153,1.0154
g++,final,-O2,asan,50,1167.091,1165.495,1168.619,10014,9876,13280,4.6964,4.6899,4.7025
g++,final,-O2,baseline,50,248.510,248.499,248.520,1586,1564,1648,,,
g++,final,-O2,execstack,50,248.505,248.483,248.514,1570,1536,1644,1.0000,0.9999,1.0000
g++,final,-O2,fortify1,50,430.774,430.254,430.964,1616,1572,1648,1.7334,1.7314,1.7342
g++,final,-O2,fortify2,50,430.582,430.446,430.854,1572,1536,1620,1.7327,1.7321,1.7337
g++,final,-O2,fortify_off,50,248.495,248.485,248.504,1568,1534,1622,0.9999,0.9999,1.0000
g++,final,-O2,hardening_baseline,50,430.730,430.442,431.049,1572,1522,1624,1.7333,1.7320,1.7345
g++,final,-O2,no_pie,50,248.494,248.486,248.503,1566,1512,1578,0.9999,0.9999,1.0000
g++,final,-O2,no_plt,50,246.493,246.487,246.511,1572,1568,1624,0.9919,0.9918,0.9920
g++,final,-O2,no_stack_protector,50,248.507,248.495,248.524,1574,1554,1644,1.0000,0.9999,1.0001
g++,final,-O2,noexecstack,50,248.500,248.492,248.510,1604,1568,1632,1.0000,0.9999,1.0000
g++,final,-O2,pie,50,248.502,248.492,248.515,1604,1552,1644,1.0000,0.9999,1.0000
g++,final,-O2,relro_full,50,248.495,248.490,248.516,1608,1570,1646,0.9999,0.9999,1.0000
g++,final,-O2,stack_protector,50,248.493,248.486,248.502,1568,1536,1614,0.9999,0.9999,1.0000
g++,final,-O2,stack_protector_all,50,248.509,248.498,248.517,1604,1566,1644,1.0000,0.9999,1.0001
g++,final,-O2,stack_protector_strong,50,248.498,248.490,248.510,1592,1568,1668,1.0000,0.9999,1.0000
g++,final,-O2,ubsan,50,252.353,252.344,252.364,3936,3888,3956,1.0155,1.0154,1.0155
g++,final,-O3,asan,50,1166.315,1164.374,1167.628,13356,11742,13368,4.6935,4.6850,4.7003
g++,final,-O3,baseline,50,248.496,248.484,248.504,1572,1554,1624,,,
g++,final,-O3,execstack,50,248.497,248.483,248.499,1604,1568,1626,1.0000,0.9999,1.0001
g++,final,-O3,fortify1,50,430.600,430.285,430.930,1572,1564,1616,1.7328,1.7315,1.7341
g++,final,-O3,fortify2,50,430.837,430.570,431.077,1604,1570,1628,1.7338,1.7327,1.7348
g++,final,-O3,fortify_off,50,248.506,248.498,248.515,1624,1572,1646,1.0000,1.0000,1.0001
g++,final,-O3,hardening_baseline,50,430.551,430.243,430.768,1602,1564,1636,1.7326,1.7314,1.7335
g++,final,-O3,no_pie,50,248.500,248.491,248.519,1564,1538,1576,1.0000,1.0000,1.0001
g++,final,-O3,no_plt,50,246.500,246.482,246.510,1572,1548,1606,0.9920,0.9919,0.9920
g++,final,-O3,no_stack_protector,50,248.503,248.496,248.512,1612,1564,1644,1.0000,1.0000,1.0001
g++,final,-O3,noexecstack,50,248.503,248.494,248.512,1568,1536,1604,1.0000,1.0000,1.0001
g++,final,-O3,pie,50,248.502,248.491,248.519,1564,1530,1588,1.0000,1.0000,1.0001
g++,final,-O3,relro_full,50,248.493,248.489,248.510,1614,1568,1648,1.0000,1.0000,1.0001
g++,final,-O3,stack_protector,50,248.496,248.489,248.512,1604,1564,1634,1.0000,1.0000,1.0001
g++,final,-O3,stack_protector_all,50,248.498,248.486,248.507,1568,1532,1606,1.0000,0.9999,1.0001
g++,final,-O3,stack_protector_strong,50,248.492,248.486,248.505,1572,1552,1628,1.0000,0.9999,1.0001
g++,final,-O3,ubsan,50,253.364,253.261,253.424,3936,3908,3952,1.0196,1.0192,1.0199
g++,final,-Os,asan,50,1151.498,1149.885,1152.378,12584,9906,13362,4.6336,4.6273,4.6372
g++,final,-Os,baseline,50,248.512,248.500,248.520,1572,1564,1604,,,
g++,final,-Os,execstack,50,248.503,248.490,248.514,1602,1568,1654,1.0000,0.9999,1.0000
g++,final,-Os,fortify1,50,430.699,430.255,430.904,1572,1568,1648,1.7331,1.7314,1.7340
g++,final,-Os,fortify2,50,430.667,430.448,430.906,1590,1564,1644,1.7330,1.7321,1.7339
g++,final,-Os,fortify_off,50,248.489,248.481,248.503,1624,1568,1644,0.9999,0.9999,1.0000
g++,final,-Os,hardening_baseline,50,433.528,433.151,433.981,1590,1570,1628,1.7445,1.7430,1.7463
g++,final,-Os,no_pie,50,248.494,248.478,248.507,1570,1540,1608,0.9999,0.9998,1.0000
g++,final,-Os,no_plt,50,246.493,246.475,246.501,1634,1572,1648,0.9919,0.9918,0.9919
g++,final,-Os,no_stack_protector,50,248.495,248.486,248.506,1604,1564,1636,0.9999,0.9999,1.0000
g++,final,-Os,noexecstack,50,248.500,248.494,248.511,1608,1572,1644,0.9999,0.9999,1.0000
g++,final,-Os,pie,50,248.506,248.501,248.515,1606,1554,1634,1.0000,0.9999,1.0000
g++,final,-Os,relro_full,50,248.503,248.493,248.508,1636,1574,1646,1.0000,0.9999,1.0000
g++,final,-Os,stack_protector,50,251.454,251.442,251.464,1606,1570,1648,1.0118,1.0118,1.0119
g++,final,-Os,stack_protector_all,50,251.456,251.447,251.464,1572,1564,1644,1.0118,1.0118,1.0119
g++,final,-Os,stack_protector_strong,50,251.462,251.444,251.470,1612,1564,1636,1.0119,1.0118,1.0119
g++,final,-Os,ubsan,50,255.301,255.295,255.321,3942,3934,3960,1.0273,1.0273,1.0274
g++,startup,-O0,asan,50,14.724,14.244,15.389,9590,7668,11208,27.0165,26.0879,28.2353
g++,startup,-O0,baseline,50,0.545,0.543,0.549,1376,1360,1380,,,
g++,startup,-O0,execstack,50,0.530,0.528,0.533,1382,1372,1396,0.9725,0.9653,0.9788
g++,startup,-O0,fortify1,50,0.528,0.528,0.531,1376,1368,1384,0.9688,0.9634,0.9743
g++,startup,-O0,fortify2,50,0.529,0.527,0.532,1368,1348,1386,0.9706,0.9636,0.9762
g++,startup,-O0,fortify_off,50,0.532,0.529,0.533,1376,1368,1392,0.9761,0.9689,0.9788
g++,startup,-O0,hardening_baseline,50,0.532,0.530,0.534,1374,1366,1386,0.9761,0.9690,0.9798
g++,startup,-O0,no_pie,50,0.525,0.520,0.527,1352,1316,1372,0.9633,0.9541,0.9670
g++,startup,-O0,no_plt,50,0.528,0.527,0.531,1376,1372,1384,0.9688,0.9626,0.9743
g++,startup,-O0,no_stack_protector,50,0.529,0.528,0.531,1374,1348,1388,0.9706,0.9653,0.9743
g++,startup,-O0,noexecstack,50,0.529,0.527,0.531,1370,1340,1384,0.9706,0.9636,0.9743
g++,startup,-O0,pie,50,0.531,0.529,0.533,1380,1368,1388,0.9743,0.9680,0.9780
g++,startup,-O0,relro_full,50,0.528,0.527,0.532,1384,1376,1414,0.9697,0.9627,0.9753
g++,startup,-O0,stack_protector,50,0.530,0.527,0.531,1372,1364,1380,0.9725,0.9653,0.9752
g++,startup,-O0,stack_protector_all,50,0.531,0.529,0.532,1378,1358,1390,0.9743,0.9672,0.9779
g++,startup,-O0,stack_protector_strong,50,0.529,0.527,0.531,1376,1348,1380,0.9706,0.9636,0.9743
g++,startup,-O0,ubsan,50,1.396,1.387,1.404,3740,3708,3760,2.5615,2.5403,2.5742
g++,startup,-O1,asan,50,14.364,14.227,14.962,9638,7672,11196,27.1009,26.8365,28.2965
g++,startup,-O1,baseline,50,0.530,0.529,0.532,1376,1370,1388,,,
g++,startup,-O1,execstack,50,0.530,0.528,0.535,1376,1352,1388,1.0009,0.9944,1.0085
g++,startup,-O1,fortify1,50,0.531,0.529,0.532,1382,1366,1394,1.0019,0.9962,1.0047
g++,startup,-O1,fortify2,50,0.530,0.528,0.532,1378,1372,1390,1.0000,0.9944,1.0047
g++,startup,-O1,fortify_off,50,0.530,0.528,0.533,1368,1348,1376,1.0000,0.9944,1.0057
g++,startup,-O1,hardening_baseline,50,0.531,0.529,0.532,1376,1358,1390,1.0019,0.9972,1.0047
g++,startup,-O1,no_pie,50,0.525,0.522,0.527,1324,1314,1368,0.9906,0.9849,0.9943
g++,startup,-O1,no_plt,50,0.528,0.527,0.531,1374,1364,1384,0.9972,0.9925,1.0019
g++,startup,-O1,no_stack_protector,50,0.529,0.528,0.533,1376,1360,1380,0.9991,0.9944,1.0057
g++,startup,-O1,noexecstack,50,0.529,0.526,0.531,1368,1344,1378,0.9981,0.9915,1.0028
g++,startup,-O1,pie,50,0.530,0.528,0.535,1376,1368,1386,1.0009,0.9944,1.0095
g++,startup,-O1,relro_full,50,0.530,0.528,0.532,1376,1364,1384,1.0000,0.9962,1.0057
g++,startup,-O1,stack_protector,50,0.530,0.528,0.531,1382,1368,1390,1.0000,0.9934,1.0038
g++,startup,-O1,stack_protector_all,50,0.529,0.527,0.530,1366,1344,1412,0.9981,0.9925,1.0019
g++,startup,-O1,stack_protector_strong,50,0.529,0.527,0.530,1380,1346,1392,0.9981,0.9925,1.0019
g++,startup,-O1,ubsan,50,1.397,1.390,1.406,3740,3720,3778,2.6368,2.6224,2.6541
g++,startup,-O2,asan,50,14.605,14.214,14.869,9558,7656,11198,27.6358,26.8286,28.1393
g++,startup,-O2,baseline,50,0.528,0.527,0.531,1360,1344,1376,,,
g++,startup,-O2,execstack,50,0.529,0.528,0.533,1376,1372,1384,1.0019,0.9962,1.0076
g++,startup,-O2,fortify1,50,0.531,0.528,0.532,1370,1348,1384,1.0047,0.9962,1.0085
g++,startup,-O2,fortify2,50,0.529,0.526,0.531,1370,1344,1388,1.0019,0.9943,1.0066
g++,startup,-O2,fortify_off,50,0.529,0.527,0.530,1368,1350,1376,1.0009,0.9953,1.0047
g++,startup,-O2,hardening_baseline,50,0.534,0.531,0.535,1378,1372,1390,1.0104,1.0028,1.0133
g++,startup,-O2,no_pie,50,0.524,0.522,0.526,1340,1288,1370,0.9905,0.9849,0.9962
g++,startup,-O2,no_plt,50,0.528,0.526,0.531,1378,1370,1386,0.9981,0.9925,1.0047
g++,startup,-O2,no_stack_protector,50,0.531,0.528,0.532,1380,1372,1388,1.0047,0.9981,1.0076
g++,startup,-O2,noexecstack,50,0.529,0.526,0.531,1370,1348,1380,1.0009,0.9943,1.0057
g++,startup,-O2,pie,50,0.532,0.530,0.533,1380,1372,1392,1.0076,1.0000,1.0114
g++,startup,-O2,relro_full,50,0.529,0.527,0.532,1376,1372,1390,1.0009,0.9944,1.0057
g++,startup,-O2,stack_protector,50,0.530,0.528,0.532,1378,1350,1390,1.0028,0.9962,1.0076
g++,startup,-O2,stack_protector_all,50,0.530,0.527,0.532,1372,1346,1380,1.0028,0.9953,1.0076
g++,startup,-O2,stack_protector_strong,50,0.528,0.527,0.530,1372,1344,1380,0.9991,0.9944,1.0038
g++,startup,-O2,ubsan,50,1.395,1.386,1.401,3744,3716,3772,2.6395,2.6186,2.6534
g++,startup,-O3,asan,50,14.527,14.174,14.898,9616,7676,11134,27.3845,26.6273,28.0641
g++,startup,-O3,baseline,50,0.530,0.528,0.535,1376,1368,1380,,,
g++,startup,-O3,execstack,50,0.530,0.527,0.532,1374,1368,1382,0.9991,0.9888,1.0047
g++,startup,-O3,fortify1,50,0.531,0.526,0.532,1374,1348,1386,1.0009,0.9897,1.0047
g++,startup,-O3,fortify2,50,0.529,0.528,0.530,1366,1340,1376,0.9972,0.9888,1.0019
g++,startup,-O3,fortify_off,50,0.528,0.526,0.531,1366,1340,1376,0.9962,0.9869,1.0019
g++,startup,-O3,hardening_baseline,50,0.531,0.529,0.532,1376,1372,1388,1.0009,0.9916,1.0047
g++,startup,-O3,no_pie,50,0.526,0.524,0.528,1372,1328,1396,0.9925,0.9832,0.9972
g++,startup,-O3,no_plt,50,0.528,0.526,0.531,1372,1344,1380,0.9953,0.9860,1.0019
g++,startup,-O3,no_stack_protector,50,0.529,0.528,0.532,1378,1344,1388,0.9972,0.9879,1.0038
g++,startup,-O3,noexecstack,50,0.529,0.527,0.531,1368,1350,1376,0.9972,0.9879,1.0019
g++,startup,-O3,pie,50,0.529,0.528,0.531,1368,1346,1382,0.9972,0.9888,1.0019
g++,startup,-O3,relro_full,50,0.528,0.527,0.530,1376,1348,1384,0.9953,0.9869,1.0009
g++,startup,-O3,stack_protector,50,0.530,0.529,0.533,1378,1368,1392,1.0000,0.9907,1.0057
g++,startup,-O3,stack_protector_all,50,0.530,0.529,0.534,1376,1372,1390,0.9991,0.9907,1.0057
g++,startup,-O3,stack_protector_strong,50,0.528,0.526,0.530,1370,1348,1378,0.9953,0.9869,1.0000
g++,startup,-O3,ubsan,50,1.393,1.381,1.399,3724,3696,3746,2.6268,2.5991,2.6402
g++,startup,-Os,asan,50,14.800,14.316,15.801,11138,8638,11256,27.9500,27.0075,29.8431
g++,startup,-Os,baseline,50,0.529,0.528,0.532,1372,1348,1376,,,
g++,startup,-Os,execstack,50,0.529,0.527,0.530,1370,1348,1380,0.9991,0.9943,1.0038
g++,startup,-Os,fortify1,50,0.530,0.529,0.532,1380,1376,1388,1.0009,0.9962,1.0057
g++,startup,-Os,fortify2,50,0.530,0.528,0.532,1376,1358,1394,1.0019,0.9962,1.0066
g++,startup,-Os,fortify_off,50,0.529,0.528,0.531,1376,1360,1380,0.9991,0.9934,1.0028
g++,startup,-Os,hardening_baseline,50,0.532,0.530,0.534,1376,1366,1382,1.0038,0.9972,1.0095
g++,startup,-Os,no_pie,50,0.526,0.523,0.529,1352,1324,1372,0.9943,0.9868,1.0000
g++,startup,-Os,no_plt,50,0.528,0.525,0.532,1370,1342,1402,0.9972,0.9906,1.0047
g++,startup,-Os,no_stack_protector,50,0.529,0.528,0.533,1352,1344,1376,1.0000,0.9944,1.0066
g++,startup,-Os,noexecstack,50,0.531,0.530,0.532,1386,1376,1394,1.0028,0.9972,1.0057
g++,startup,-Os,pie,50,0.530,0.527,0.532,1374,1348,1388,1.0009,0.9943,1.0057
g++,startup,-Os,relro_full,50,0.529,0.526,0.530,1352,1346,1378,0.9991,0.9925,1.0028
g++,startup,-Os,stack_protector,50,0.530,0.528,0.532,1376,1368,1390,1.0009,0.9944,1.0057
g++,startup,-Os,stack_protector_all,50,0.528,0.526,0.530,1376,1348,1382,0.9962,0.9906,1.0019
g++,startup,-Os,stack_protector_strong,50,0.530,0.529,0.532,1376,1370,1382,1.0009,0.9953,1.0066
g++,startup,-Os,ubsan,50,1.396,1.390,1.399,3716,3698,3738,2.6355,2.6208,2.6458
g++,suma,-O0,asan,50,2541.440,2537.694,2543.694,16172,14416,16216,1.4540,1.4518,1.4555
g++,suma,-O0,baseline,50,1747.901,1746.956,1748.444,6890,6878,6906,,,
g++,suma,-O0,execstack,50,1744.260,1742.712,1745.424,6900,6876,6912,0.9979,0.9970,0.9987
g++,suma,-O0,fortify1,50,1745.820,1743.457,1748.293,6902,6886,6908,0.9988,0.9975,1.0003
g++,suma,-O0,fortify2,50,1744.580,1741.412,1746.557,6888,6876,6912,0.9981,0.9963,0.9993
g++,suma,-O0,fortify_off,50,1747.460,1745.525,1748.591,6890,6872,6906,0.9997,0.9987,1.0006
g++,suma,-O0,hardening_baseline,50,1779.853,1779.242,1781.659,6874,6832,6904,1.0183,1.0177,1.0194
g++,suma,-O0,no_pie,50,1842.412,1840.263,1843.559,6880,6854,6904,1.0541,1.0527,1.0549
g++,suma,-O0,no_plt,50,1727.872,1727.556,1728.449,6884,6868,6898,0.9885,0.9881,0.9892
g++,suma,-O0,no_stack_protector,50,1741.648,1740.712,1742.484,6902,6884,6914,0.9964,0.9958,0.9972
g++,suma,-O0,noexecstack,50,1749.555,1746.048,1751.342,6894,6870,6908,1.0009,0.9989,1.0020
g++,suma,-O0,pie,50,1746.635,1743.872,1748.211,6886,6874,6908,0.9993,0.9975,1.0004
g++,suma,-O0,relro_full,50,1742.017,1740.734,1743.364,6892,6882,6900,0.9966,0.9959,0.9976
g++,suma,-O0,stack_protector,50,1742.498,1741.071,1744.331,6894,6836,6904,0.9969,0.9960,0.9981
g++,suma,-O0,stack_protector_all,50,2350.478,2335.088,2353.962,6880,6852,6890,1.3447,1.3359,1.3468
g++,suma,-O0,stack_protector_strong,50,1781.324,1779.381,1783.108,6906,6888,6920,1.0191,1.0179,1.0202
g++,suma,-O0,ubsan,50,3097.792,3093.117,3102.221,6982,6952,7002,1.7723,1.7695,1.7748
g++,suma,-O1,asan,50,239.777,239.621,240.625,16114,14286,16260,2.7939,2.7819,2.8034
g++,suma,-O1,baseline,50,85.823,85.659,86.190,6888,6876,6904,,,
g++,suma,-O1,execstack,50,85.968,85.810,86.169,6894,6888,6904,1.0017,0.9971,1.0047
g++,suma,-O1,fortify1,50,86.029,85.732,86.168,6900,6882,6908,1.0024,0.9968,1.0047
g++,suma,-O1,fortify2,50,85.873,85.683,86.041,6888,6874,6904,1.0006,0.9957,1.0031
g++,suma,-O1,fortify_off,50,85.938,85.778,86.023,6880,6860,6908,1.0013,0.9965,1.0033
g++,suma,-O1,hardening_baseline,50,85.908,85.821,86.152,6904,6884,6910,1.0010,0.9966,1.0043
g++,suma,-O1,no_pie,50,82.130,81.936,82.267,6880,6856,6900,0.9570,0.9519,0.9592
g++,suma,-O1,no_plt,50,86.056,85.885,86.325,6888,6872,6910,1.0027,0.9975,1.0064
g++,suma,-O1,no_stack_protector,50,85.734,85.614,85.886,6890,6872,6908,0.9990,0.9942,1.0013
g++,suma,-O1,noexecstack,50,85.911,85.743,86.065,6884,6866,6894,1.0010,0.9963,1.0034
g++,suma,-O1,pie,50,85.792,85.641,85.970,6874,6860,6900,0.9996,0.9949,1.0023
g++,suma,-O1,relro_full,50,85.901,85.706,86.064,6890,6860,6916,1.0009,0.9958,1.0034
g++,suma,-O1,stack_protector,50,85.876,85.667,86.037,6884,6860,6906,1.0006,0.9957,1.0030
g++,suma,-O1,stack_protector_all,50,83.325,83.119,83.451,6898,6880,6916,0.9709,0.9660,0.9731
g++,suma,-O1,stack_protector_strong,50,85.799,85.680,86.022,6886,6864,6908,0.9997,0.9952,1.0028
g++,suma,-O1,ubsan,50,305.526,305.437,305.650,6968,6952,7010,3.5600,3.5449,3.5666
g++,suma,-O2,asan,50,211.900,211.397,212.334,16204,16124,16292,4.7856,4.7712,4.7982
g++,suma,-O2,baseline,50,44.279,44.224,44.343,6878,6844,6898,,,
g++,suma,-O2,execstack,50,44.265,44.228,44.383,6890,6878,6908,0.9997,0.9978,1.0024
g++,suma,-O2,fortify1,50,44.221,44.197,44.354,6894,6884,6904,0.9987,0.9971,1.0021
g++,suma,-O2,fortify2,50,44.246,44.207,44.330,6892,6878,6906,0.9993,0.9975,1.0016
g++,suma,-O2,fortify_off,50,44.224,44.192,44.278,6900,6878,6912,0.9988,0.9970,1.0006
g++,suma,-O2,hardening_baseline,50,43.915,43.862,44.023,6890,6868,6912,0.9918,0.9896,0.9948
g++,suma,-O2,no_pie,50,44.218,44.188,44.253,6886,6876,6900,0.9986,0.9969,1.0003
g++,suma,-O2,no_plt,50,44.241,44.199,44.296,6900,6880,6916,0.9992,0.9972,1.0012
g++,suma,-O2,no_stack_protector,50,44.257,44.211,44.339,6888,6868,6900,0.9995,0.9978,1.0014
g++,suma,-O2,noexecstack,50,44.291,44.225,44.390,6906,6876,6918,1.0003,0.9977,1.0028
g++,suma,-O2,pie,50,44.225,44.187,44.304,6892,6874,6904,0.9988,0.9969,1.0012
g++,suma,-O2,relro_full,50,44.276,44.213,44.388,6900,6884,6908,1.0000,0.9976,1.0030
g++,suma,-O2,stack_protector,50,44.241,44.206,44.278,6888,6880,6902,0.9992,0.9973,1.0007
g++,suma,-O2,stack_protector_all,50,43.895,43.825,43.931,6892,6880,6902,0.9914,0.9892,0.9931
g++,suma,-O2,stack_protector_strong,50,43.880,43.826,44.020,6900,6880,6908,0.9910,0.9891,0.9938
g++,suma,-O2,ubsan,50,417.201,417.127,417.290,6972,6952,7004,9.4222,9.4085,9.4343
g++,suma,-O3,asan,50,212.115,211.345,212.310,16122,14330,16204,4.7938,4.7745,4.7992
g++,suma,-O3,baseline,50,44.248,44.219,44.316,6884,6866,6896,,,
g++,suma,-O3,execstack,50,44.215,44.195,44.297,6894,6884,6904,0.9993,0.9980,1.0012
g++,suma,-O3,fortify1,50,44.228,44.195,44.301,6888,6884,6900,0.9996,0.9979,1.0011
g++,suma,-O3,fortify2,50,44.249,44.199,44.400,6888,6872,6904,1.0000,0.9981,1.0033
g++,suma,-O3,fortify_off,50,44.273,44.248,44.324,6904,6884,6912,1.0006,0.9990,1.0017
g++,suma,-O3,hardening_baseline,50,44.263,44.217,44.308,6894,6884,6908,1.0003,0.9985,1.0014
g++,suma,-O3,no_pie,50,44.267,44.232,44.338,6890,6880,6902,1.0004,0.9987,1.0023
g++,suma,-O3,no_plt,50,44.253,44.190,44.325,6892,6880,6904,1.0001,0.9981,1.0019
g++,suma,-O3,no_stack_protector,50,44.233,44.173,44.283,6888,6850,6908,0.9997,0.9977,1.0009
g++,suma,-O3,noexecstack,50,44.236,44.193,44.284,6890,6884,6902,0.9997,0.9981,1.0012
g++,suma,-O3,pie,50,44.252,44.207,44.435,6888,6872,6900,1.0001,0.9983,1.0040
g++,suma,-O3,relro_full,50,44.209,44.197,44.247,6894,6856,6904,0.9991,0.9977,1.0002
g++,suma,-O3,stack_protector,50,44.237,44.174,44.303,6878,6856,6892,0.9998,0.9978,1.0010
g++,suma,-O3,stack_protector_all,50,43.883,43.828,43.928,6874,6860,6894,0.9918,0.9896,0.9930
g++,suma,-O3,stack_protector_strong,50,44.255,44.209,44.337,6892,6872,6906,1.0002,0.9984,1.0022
g++,suma,-O3,ubsan,50,416.909,416.837,416.995,6986,6956,7016,9.4222,9.4074,9.4289
g++,suma,-Os,asan,50,225.350,224.978,226.047,16128,14338,16254,2.3849,2.3793,2.3926
g++,suma,-Os,baseline,50,94.489,94.372,94.657,6888,6868,6908,,,
g++,suma,-Os,execstack,50,94.586,94.416,94.736,6894,6888,6908,1.0010,0.9987,1.0032
g++,suma,-Os,fortify1,50,94.572,94.419,94.725,6888,6876,6896,1.0009,0.9983,1.0030
g++,suma,-Os,fortify2,50,94.491,94.411,94.710,6884,6864,6892,1.0000,0.9981,1.0026
g++,suma,-Os,fortify_off,50,94.556,94.410,94.735,6894,6888,6910,1.0007,0.9984,1.0031
g++,suma,-Os,hardening_baseline,50,94.597,94.436,94.700,6898,6872,6906,1.0011,0.9984,1.0029
g++,suma,-Os,no_pie,50,121.197,121.148,121.232,6888,6878,6908,1.2827,1.2803,1.2843
g++,suma,-Os,no_plt,50,94.526,94.434,94.711,6888,6876,6900,1.0004,0.9985,1.0028
g++,suma,-Os,no_stack_protector,50,94.629,94.427,94.743,6890,6886,6904,1.0015,0.9990,1.0033
g++,suma,-Os,noexecstack,50,94.617,94.419,94.722,6874,6832,6894,1.0014,0.9986,1.0030
g++,suma,-Os,pie,50,94.570,94.414,94.675,6888,6854,6904,1.0009,0.9987,1.0026
g++,suma,-Os,relro_full,50,94.631,94.462,94.768,6894,6880,6908,1.0015,0.9992,1.0034
g++,suma,-Os,stack_protector,50,94.576,94.400,94.733,6892,6880,6904,1.0009,0.9980,1.0032
g++,suma,-Os,stack_protector_all,50,94.545,94.429,94.683,6888,6880,6910,1.0006,0.9984,1.0027
g++,suma,-Os,stack_protector_strong,50,94.530,94.366,94.683,6884,6844,6890,1.0004,0.9975,1.0025
g++,suma,-Os,ubsan,50,420.079,419.406,420.620,6962,6952,6980,4.4458,4.4362,4.4544
rustc,final,-C opt-level=0,asan,50,3915.106,3911.191,3918.292,12074,9484,12140,1.3058,1.3041,1.3076
rustc,final,-C opt-level=0,baseline,50,2998.179,2994.823,3000.814,2112,2064,2144,,,
rustc,final,-C opt-level=0,debug_assertions,50,2997.995,2993.523,3001.411,2096,2066,2152,0.9999,0.9981,1.0016
rustc,final,-C opt-level=0,execstack,50,2997.044,2994.371,3000.418,2070,2056,2142,0.9996,0.9983,1.0013
rustc,final,-C opt-level=0,hardening_baseline,50,2913.878,2910.778,2918.159,2140,2100,2156,0.9719,0.9704,0.9738
rustc,final,-C opt-level=0,lsan,50,2976.111,2973.803,2978.112,4762,4724,8722,0.9926,0.9913,0.9939
rustc,final,-C opt-level=0,lto,50,2878.061,2865.709,2889.621,1988,1934,2020,0.9599,0.9560,0.9639
rustc,final,-C opt-level=0,lto_thin,50,3028.265,3025.612,3035.172,2288,2230,2302,1.0100,1.0086,1.0124
rustc,final,-C opt-level=0,no_pie,50,2793.704,2792.818,2794.843,2150,2072,2160,0.9318,0.9309,0.9329
rustc,final,-C opt-level=0,noexecstack,50,3000.014,2997.828,3001.988,2148,2072,2156,1.0006,0.9994,1.0019
rustc,final,-C opt-level=0,overflow_checks,50,3003.113,2998.919,3005.414,2068,2064,2140,1.0016,0.9998,1.0030
rustc,final,-C opt-level=0,panic_abort,50,2726.893,2720.213,2733.819,2068,2064,2120,0.9095,0.9069,0.9121
rustc,final,-C opt-level=0,pie,50,2999.221,2993.510,3002.519,2148,2124,2160,1.0003,0.9980,1.0019
rustc,final,-C opt-level=0,relro_full,50,2998.362,2994.311,3000.867,2074,2064,2150,1.0001,0.9982,1.0015
rustc,final,-C opt-level=0,stack_protector,50,2911.448,2907.269,2915.495,2156,2072,2164,0.9711,0.9694,0.9727
rustc,final,-C opt-level=0,stack_protector_all,50,3483.677,3480.207,3488.655,2102,2060,2148,1.1619,1.1601,1.1641
rustc,final,-C opt-level=0,stack_protector_none,50,2998.741,2996.351,3002.925,2086,2060,2148,1.0002,0.9989,1.0020
rustc,final,-C opt-level=0,stack_protector_strong,50,2911.191,2902.798,2913.298,2130,2070,2156,0.9710,0.9681,0.9724
rustc,final,-C opt-level=1,asan,50,564.739,564.125,565.540,9948,6398,10034,1.9650,1.9506,1.9685
rustc,final,-C opt-level=1,baseline,50,287.399,287.103,289.374,2120,2072,2152,,,
rustc,final,-C opt-level=1,debug_assertions,50,287.123,287.095,287.156,2132,2068,2156,0.9990,0.9922,1.0001
rustc,final,-C opt-level=1,execstack,50,287.121,287.090,287.574,2068,2062,2152,0.9990,0.9922,1.0010
rustc,final,-C opt-level=1,hardening_baseline,50,287.107,287.091,287.344,2102,2064,2148,0.9990,0.9922,1.0002
rustc,final,-C opt-level=1,lsan,50,312.825,311.843,313.162,8684,6744,8772,1.0885,1.0787,1.0899
rustc,final,-C opt-level=1,lto,50,216.302,216.253,216.362,1986,1950,2012,0.7526,0.7474,0.7534
rustc,final,-C opt-level=1,lto_thin,50,207.466,207.412,207.945,2068,2062,2136,0.7219,0.7169,0.7238
rustc,final,-C opt-level=1,no_pie,50,210.812,210.682,210.990,2072,2066,2152,0.7335,0.7283,0.7346
rustc,final,-C opt-level=1,noexecstack,50,287.106,287.078,287.628,2090,2068,2156,0.9990,0.9921,1.0006
rustc,final,-C opt-level=1,overflow_checks,50,287.106,287.091,287.477,2112,2064,2152,0.9990,0.9922,1.0007
rustc,final,-C opt-level=1,panic_abort,50,287.115,287.081,287.145,2068,2060,2156,0.9990,0.9921,1.0001
rustc,final,-C opt-level=1,pie,50,287.125,287.094,288.255,2080,2064,2152,0.9990,0.9922,1.0003
rustc,final,-C opt-level=1,relro_full,50,287.130,287.095,287.315,2120,2088,2160,0.9991,0.9922,1.0003
rustc,final,-C opt-level=1,stack_protector,50,287.120,287.088,287.211,2064,2060,2116,0.9990,0.9922,1.0001
rustc,final,-C opt-level=1,stack_protector_all,50,287.197,287.108,288.757,2078,2066,2124,0.9993,0.9923,1.0043
rustc,final,-C opt-level=1,stack_protector_none,50,287.111,287.087,287.148,2070,2064,2116,0.9990,0.9922,1.0000
rustc,final,-C opt-level=1,stack_protector_strong,50,287.115,287.098,287.186,2118,2068,2148,0.9990,0.9922,1.0001
rustc,final,-C opt-level=2,asan,50,404.214,403.285,404.673,8326,6344,10032,1.9323,1.9279,1.9348
rustc,final,-C opt-level=2,baseline,50,209.183,209.122,209.323,2076,2068,2148,,,
rustc,final,-C opt-level=2,debug_assertions,50,213.308,213.121,213.501,2068,2056,2140,1.0197,1.0185,1.0207
rustc,final,-C opt-level=2,execstack,50,209.221,207.901,209.358,2072,2058,2120,1.0002,0.9940,1.0010
rustc,final,-C opt-level=2,hardening_baseline,50,207.430,207.411,207.530,2078,2064,2160,0.9916,0.9909,0.9923
rustc,final,-C opt-level=2,lsan,50,232.942,231.944,233.096,4768,4740,8700,1.1136,1.1085,1.1143
rustc,final,-C opt-level=2,lto,50,216.219,216.208,216.230,1936,1920,1996,1.0336,1.0329,1.0339
rustc,final,-C opt-level=2,lto_thin,50,207.683,207.457,208.993,2086,2064,2154,0.9928,0.9913,1.0005
rustc,final,-C opt-level=2,no_pie,50,210.361,210.344,210.366,2120,2066,2160,1.0056,1.0049,1.0059
rustc,final,-C opt-level=2,noexecstack,50,209.133,207.929,209.306,2154,2120,2160,0.9998,0.9938,1.0006
rustc,final,-C opt-level=2,overflow_checks,50,213.342,213.327,213.422,2152,2116,2160,1.0199,1.0192,1.0204
rustc,final,-C opt-level=2,panic_abort,50,207.466,207.422,207.576,2066,2060,2140,0.9918,0.9910,0.9925
rustc,final,-C opt-level=2,pie,50,209.297,208.107,209.398,2092,2066,2158,1.0005,0.9948,1.0011
rustc,final,-C opt-level=2,relro_full,50,209.174,208.919,209.364,2120,2068,2158,1.0000,0.9987,1.0010
rustc,final,-C opt-level=2,stack_protector,50,207.425,207.406,207.446,2072,2064,2124,0.9916,0.9909,0.9919
rustc,final,-C opt-level=2,stack_protector_all,50,207.436,207.418,207.582,2100,2064,2132,0.9916,0.9909,0.9924
rustc,final,-C opt-level=2,stack_protector_none,50,209.088,207.843,209.322,2144,2072,2164,0.9995,0.9932,1.0006
rustc,final,-C opt-level=2,stack_protector_strong,50,207.451,207.428,207.483,2150,2068,2166,0.9917,0.9910,0.9921
rustc,final,-C opt-level=3,asan,50,403.201,401.853,404.020,9952,6452,10072,1.9271,1.9202,1.9332
rustc,final,-C opt-level=3,baseline,50,209.222,208.621,209.525,2122,2070,2154,,,
rustc,final,-C opt-level=3,debug_assertions,50,213.450,213.299,213.563,2068,2064,2150,1.0202,1.0186,1.0232
rustc,final,-C opt-level=3,execstack,50,208.781,207.780,209.311,2070,2064,2116,0.9979,0.9926,1.0013
rustc,final,-C opt-level=3,hardening_baseline,50,207.445,207.425,207.492,2154,2066,2160,0.9915,0.9901,0.9947
rustc,final,-C opt-level=3,lsan,50,232.972,232.126,233.148,8672,6698,8740,1.1135,1.1091,1.1164
rustc,final,-C opt-level=3,lto,50,216.239,216.224,216.250,1958,1924,2004,1.0335,1.0319,1.0368
rustc,final,-C opt-level=3,lto_thin,50,207.720,207.503,208.079,2114,2062,2144,0.9928,0.9912,0.9963
rustc,final,-C opt-level=3,no_pie,50,210.343,210.331,210.352,2136,2068,2160,1.0054,1.0039,1.0081
rustc,final,-C opt-level=3,noexecstack,50,209.209,207.792,209.327,2068,2064,2144,0.9999,0.9929,1.0029
rustc,final,-C opt-level=3,overflow_checks,50,213.355,213.325,213.370,2120,2072,2160,1.0198,1.0182,1.0225
rustc,final,-C opt-level=3,panic_abort,50,207.451,207.439,207.526,2066,2064,2148,0.9915,0.9901,0.9946
rustc,final,-C opt-level=3,pie,50,209.267,207.896,209.367,2148,2076,2156,1.0002,0.9935,1.0032
rustc,final,-C opt-level=3,relro_full,50,209.181,208.680,209.745,2072,2068,2156,0.9998,0.9967,1.0042
rustc,final,-C opt-level=3,stack_protector,50,207.433,207.416,207.465,2144,2072,2160,0.9914,0.9900,0.9943
rustc,final,-C opt-level=3,stack_protector_all,50,207.460,207.421,207.526,2124,2068,2152,0.9916,0.9902,0.9943
rustc,final,-C opt-level=3,stack_protector_none,50,209.305,208.412,209.752,2110,2072,2150,1.0004,0.9964,1.0043
rustc,final,-C opt-level=3,stack_protector_strong,50,207.437,207.425,207.479,2120,2072,2158,0.9915,0.9900,0.9945
rustc,final,-C opt-level=s,asan,50,702.693,702.474,703.024,9958,7372,10066,2.0947,2.0906,2.0985
rustc,final,-C opt-level=s,baseline,50,335.467,334.896,336.167,2112,2066,2156,,,
rustc,final,-C opt-level=s,debug_assertions,50,400.789,400.497,401.193,2068,2060,2152,1.1947,1.1921,1.1975
rustc,final,-C opt-level=s,execstack,50,335.470,335.351,335.944,2120,2064,2152,1.0000,0.9981,1.0025
rustc,final,-C opt-level=s,hardening_baseline,50,396.041,395.880,396.277,2068,2060,2116,1.1806,1.1781,1.1828
rustc,final,-C opt-level=s,lsan,50,360.571,360.279,360.765,8678,5742,8740,1.0748,1.0724,1.0768
rustc,final,-C opt-level=s,lto,50,255.998,255.930,256.613,1956,1932,1990,0.7631,0.7617,0.7659
rustc,final,-C opt-level=s,lto_thin,50,255.734,255.298,255.983,2056,2052,2096,0.7623,0.7601,0.7641
rustc,final,-C opt-level=s,no_pie,50,259.568,259.067,260.478,2064,2064,2134,0.7738,0.7716,0.7775
rustc,final,-C opt-level=s,noexecstack,50,335.271,335.019,335.865,2122,2068,2152,0.9994,0.9972,1.0021
rustc,final,-C opt-level=s,overflow_checks,50,400.794,400.558,401.289,2118,2068,2156,1.1947,1.1922,1.1972
rustc,final,-C opt-level=s,panic_abort,50,336.071,335.545,336.437,2066,2060,2146,1.0018,0.9990,1.0042
rustc,final,-C opt-level=s,pie,50,335.720,335.346,336.649,2072,2064,2152,1.0008,0.9985,1.0042
rustc,final,-C opt-level=s,relro_full,50,335.644,335.444,336.614,2092,2062,2156,1.0005,0.9984,1.0041
rustc,final,-C opt-level=s,stack_protector,50,395.859,395.536,396.272,2086,2052,2152,1.1800,1.1775,1.1826
rustc,final,-C opt-level=s,stack_protector_all,50,396.017,395.271,396.389,2110,2068,2152,1.1805,1.1771,1.1829
rustc,final,-C opt-level=s,stack_protector_none,50,335.575,335.245,336.501,2148,2068,2156,1.0003,0.9981,1.0036
rustc,final,-C opt-level=s,stack_protector_strong,50,395.992,395.745,396.326,2140,2068,2160,1.1804,1.1780,1.1828
rustc,final,-C opt-level=z,asan,50,871.612,871.344,872.099,10052,9942,10116,2.2497,2.2489,2.2508
rustc,final,-C opt-level=z,baseline,50,387.434,387.409,387.532,2108,2060,2150,,,
rustc,final,-C opt-level=z,debug_assertions,50,387.540,387.489,387.766,2090,2064,2152,1.0003,1.0000,1.0008
rustc,final,-C opt-level=z,execstack,50,387.427,387.412,387.498,2116,2060,2148,1.0000,0.9997,1.0002
rustc,final,-C opt-level=z,hardening_baseline,50,484.706,484.587,485.149,2068,2050,2140,1.2511,1.2506,1.2521
rustc,final,-C opt-level=z,lsan,50,415.457,414.821,415.900,6792,4774,8726,1.0723,1.0706,1.0735
rustc,final,-C opt-level=z,lto,50,301.798,301.786,301.815,1974,1934,1996,0.7790,0.7788,0.7790
rustc,final,-C opt-level=z,lto_thin,50,390.390,390.350,390.549,2074,2048,2134,1.0076,1.0074,1.0080
rustc,final,-C opt-level=z,no_pie,50,339.495,339.432,339.573,2070,2064,2154,0.8763,0.8760,0.8765
rustc,final,-C opt-level=z,noexecstack,50,387.417,387.401,387.444,2138,2064,2152,1.0000,0.9997,1.0001
rustc,final,-C opt-level=z,overflow_checks,50,387.567,387.524,387.640,2106,2064,2152,1.0003,1.0001,1.0005
rustc,final,-C opt-level=z,panic_abort,50,402.260,401.991,402.673,2108,2064,2150,1.0383,1.0375,1.0393
rustc,final,-C opt-level=z,pie,50,387.504,387.420,387.594,2064,2060,2140,1.0002,0.9998,1.0004
rustc,final,-C opt-level=z,relro_full,50,387.435,387.406,387.535,2110,2060,2152,1.0000,0.9997,1.0002
rustc,final,-C opt-level=z,stack_protector,50,484.537,484.388,484.731,2068,2064,2152,1.2506,1.2501,1.2511
rustc,final,-C opt-level=z,stack_protector_all,50,394.450,394.166,394.817,2064,2060,2118,1.0181,1.0173,1.0190
rustc,final,-C opt-level=z,stack_protector_none,50,387.443,387.406,387.682,2056,2004,2064,1.0000,0.9998,1.0006
rustc,final,-C opt-level=z,stack_protector_strong,50,484.720,484.500,485.252,2068,2060,2144,1.2511,1.2504,1.2524
rustc,startup,-C opt-level=0,asan,50,29.074,28.539,29.527,9200,6388,10052,38.2804,37.5671,38.8841
rustc,startup,-C opt-level=0,baseline,50,0.760,0.759,0.762,2100,2066,2144,,,
rustc,startup,-C opt-level=0,debug_assertions,50,0.734,0.730,0.735,2070,2064,2144,0.9658,0.9593,0.9684
rustc,startup,-C opt-level=0,execstack,50,0.736,0.733,0.738,2072,2060,2148,0.9684,0.9633,0.9723
rustc,startup,-C opt-level=0,hardening_baseline,50,0.740,0.738,0.743,2112,2066,2144,0.9743,0.9698,0.9783
rustc,startup,-C opt-level=0,lsan,50,24.861,24.621,25.577,8694,6736,8742,32.7340,32.3903,33.6779
rustc,startup,-C opt-level=0,lto,50,0.719,0.716,0.720,1952,1920,1964,0.9467,0.9414,0.9486
rustc,startup,-C opt-level=0,lto_thin,50,0.754,0.750,0.759,2300,2284,2356,0.9934,0.9875,0.9993
rustc,startup,-C opt-level=0,no_pie,50,0.722,0.720,0.726,2156,2064,2160,0.9506,0.9463,0.9552
rustc,startup,-C opt-level=0,noexecstack,50,0.733,0.731,0.734,2086,2066,2148,0.9651,0.9611,0.9671
rustc,startup,-C opt-level=0,overflow_checks,50,0.733,0.732,0.737,2066,2058,2148,0.9651,0.9618,0.9704
rustc,startup,-C opt-level=0,panic_abort,50,0.732,0.729,0.734,2102,2064,2148,0.9638,0.9586,0.9671
rustc,startup,-C opt-level=0,pie,50,0.729,0.726,0.731,2068,2062,2148,0.9598,0.9547,0.9631
rustc,startup,-C opt-level=0,relro_full,50,0.751,0.749,0.755,2064,2054,2134,0.9888,0.9849,0.9941
rustc,startup,-C opt-level=0,stack_protector,50,0.731,0.728,0.734,2068,2064,2140,0.9625,0.9579,0.9671
rustc,startup,-C opt-level=0,stack_protector_all,50,0.732,0.730,0.734,2070,2064,2132,0.9645,0.9599,0.9658
rustc,startup,-C opt-level=0,stack_protector_none,50,0.734,0.730,0.736,2070,2060,2148,0.9658,0.9599,0.9697
rustc,startup,-C opt-level=0,stack_protector_strong,50,0.740,0.736,0.743,2068,2064,2100,0.9737,0.9684,0.9783
rustc,startup,-C opt-level=1,asan,50,28.009,27.843,28.773,9928,6468,10064,38.2630,37.9755,39.2805
rustc,startup,-C opt-level=1,baseline,50,0.732,0.730,0.735,2068,2058,2142,,,
rustc,startup,-C opt-level=1,debug_assertions,50,0.732,0.730,0.735,2126,2068,2156,1.0007,0.9946,1.0055
rustc,startup,-C opt-level=1,execstack,50,0.735,0.732,0.737,2114,2068,2144,1.0041,0.9973,1.0075
rustc,startup,-C opt-level=1,hardening_baseline,50,0.733,0.730,0.737,2136,2070,2156,1.0014,0.9952,1.0068
rustc,startup,-C opt-level=1,lsan,50,25.550,24.708,25.604,4758,4736,8722,34.9051,33.7250,35.0062
rustc,startup,-C opt-level=1,lto,50,0.714,0.712,0.717,1972,1936,2012,0.9754,0.9700,0.9795
rustc,startup,-C opt-level=1,lto_thin,50,0.732,0.729,0.735,2118,2068,2156,0.9993,0.9932,1.0041
rustc,startup,-C opt-level=1,no_pie,50,0.726,0.723,0.728,2116,2066,2156,0.9911,0.9857,0.9945
rustc,startup,-C opt-level=1,noexecstack,50,0.733,0.730,0.736,2068,2060,2144,1.0014,0.9952,1.0048
rustc,startup,-C opt-level=1,overflow_checks,50,0.733,0.731,0.736,2114,2066,2152,1.0014,0.9959,1.0055
rustc,startup,-C opt-level=1,panic_abort,50,0.728,0.726,0.731,2140,2072,2154,0.9945,0.9891,0.9993
rustc,startup,-C opt-level=1,pie,50,0.734,0.730,0.738,2082,2064,2156,1.0020,0.9959,1.0075
rustc,startup,-C opt-level=1,relro_full,50,0.755,0.752,0.758,2120,2068,2144,1.0314,1.0252,1.0369
rustc,startup,-C opt-level=1,stack_protector,50,0.734,0.732,0.739,2068,2064,2136,1.0034,0.9980,1.0096
rustc,startup,-C opt-level=1,stack_protector_all,50,0.731,0.729,0.734,2068,2060,2124,0.9986,0.9932,1.0034
rustc,startup,-C opt-level=1,stack_protector_none,50,0.735,0.732,0.737,2128,2066,2152,1.0041,0.9980,1.0075
rustc,startup,-C opt-level=1,stack_protector_strong,50,0.735,0.732,0.736,2068,2060,2146,1.0041,0.9980,1.0068
rustc,startup,-C opt-level=2,asan,50,27.841,27.686,28.388,8278,6420,9992,38.0862,37.8605,38.8210
rustc,startup,-C opt-level=2,baseline,50,0.731,0.729,0.733,2068,2060,2140,,,
rustc,startup,-C opt-level=2,debug_assertions,50,0.732,0.730,0.735,2130,2066,2152,1.0007,0.9973,1.0062
rustc,startup,-C opt-level=2,execstack,50,0.736,0.734,0.739,2128,2086,2156,1.0068,1.0027,1.0117
rustc,startup,-C opt-level=2,hardening_baseline,50,0.732,0.729,0.735,2068,2056,2118,1.0007,0.9959,1.0062
rustc,startup,-C opt-level=2,lsan,50,24.800,24.601,25.598,8634,4750,8736,33.9261,33.6278,35.0712
rustc,startup,-C opt-level=2,lto,50,0.710,0.707,0.715,1990,1948,2012,0.9713,0.9666,0.9781
rustc,startup,-C opt-level=2,lto_thin,50,0.730,0.726,0.733,2144,2060,2152,0.9979,0.9925,1.0041
rustc,startup,-C opt-level=2,no_pie,50,0.726,0.723,0.729,2070,2064,2134,0.9938,0.9891,0.9973
rustc,startup,-C opt-level=2,noexecstack,50,0.732,0.729,0.734,2064,2056,2138,1.0021,0.9966,1.0069
rustc,startup,-C opt-level=2,overflow_checks,50,0.735,0.730,0.740,2114,2064,2154,1.0055,0.9986,1.0123
rustc,startup,-C opt-level=2,panic_abort,50,0.730,0.728,0.732,2118,2068,2156,0.9986,0.9945,1.0027
rustc,startup,-C opt-level=2,pie,50,0.733,0.730,0.736,2068,2064,2130,1.0027,0.9973,1.0082
rustc,startup,-C opt-level=2,relro_full,50,0.758,0.754,0.760,2112,2068,2152,1.0363,1.0314,1.0411
rustc,startup,-C opt-level=2,stack_protector,50,0.732,0.728,0.736,2058,2004,2064,1.0021,0.9959,1.0075
rustc,startup,-C opt-level=2,stack_protector_all,50,0.734,0.731,0.735,2068,2064,2136,1.0034,0.9993,1.0082
rustc,startup,-C opt-level=2,stack_protector_none,50,0.732,0.729,0.734,2114,2066,2156,1.0021,0.9966,1.0055
rustc,startup,-C opt-level=2,stack_protector_strong,50,0.734,0.730,0.738,2070,2064,2140,1.0048,0.9973,1.0103
rustc,startup,-C opt-level=3,asan,50,27.916,27.798,28.746,9958,6464,10054,38.2149,37.9993,39.3621
rustc,startup,-C opt-level=3,baseline,50,0.730,0.728,0.734,2066,2060,2124,,,
rustc,startup,-C opt-level=3,debug_assertions,50,0.732,0.731,0.734,2068,2060,2132,1.0021,0.9973,1.0068
rustc,startup,-C opt-level=3,execstack,50,0.733,0.730,0.734,2092,2064,2144,1.0034,0.9979,1.0076
rustc,startup,-C opt-level=3,hardening_baseline,50,0.730,0.728,0.734,2070,2056,2152,1.0000,0.9945,1.0062
rustc,startup,-C opt-level=3,lsan,50,24.593,24.481,25.203,8612,4752,8728,33.6653,33.4447,34.5650
rustc,startup,-C opt-level=3,lto,50,0.708,0.704,0.711,1920,1900,1944,0.9699,0.9619,0.9740
rustc,startup,-C opt-level=3,lto_thin,50,0.729,0.726,0.732,2116,2064,2156,0.9973,0.9925,1.0034
rustc,startup,-C opt-level=3,no_pie,50,0.722,0.719,0.725,2094,2068,2160,0.9884,0.9823,0.9931
rustc,startup,-C opt-level=3,noexecstack,50,0.731,0.728,0.733,2068,2064,2116,1.0007,0.9946,1.0048
rustc,startup,-C opt-level=3,overflow_checks,50,0.732,0.730,0.735,2064,2060,2086,1.0027,0.9973,1.0082
rustc,startup,-C opt-level=3,panic_abort,50,0.732,0.730,0.736,2072,2064,2150,1.0027,0.9973,1.0082
rustc,startup,-C opt-level=3,pie,50,0.728,0.726,0.731,2068,2060,2148,0.9966,0.9925,1.0021
rustc,startup,-C opt-level=3,relro_full,50,0.754,0.751,0.757,2132,2064,2144,1.0329,1.0272,1.0385
rustc,startup,-C opt-level=3,stack_protector,50,0.733,0.731,0.735,2120,2070,2154,1.0034,0.9986,1.0076
rustc,startup,-C opt-level=3,stack_protector_all,50,0.732,0.728,0.734,2068,2064,2116,1.0014,0.9959,1.0069
rustc,startup,-C opt-level=3,stack_protector_none,50,0.736,0.733,0.738,2142,2068,2154,1.0075,1.0020,1.0117
rustc,startup,-C opt-level=3,stack_protector_strong,50,0.732,0.730,0.736,2140,2064,2156,1.0021,0.9973,1.0089
rustc,startup,-C opt-level=s,asan,50,27.825,27.674,28.104,8338,6450,10032,38.0650,37.8395,38.4588
rustc,startup,-C opt-level=s,baseline,50,0.731,0.729,0.733,2072,2064,2144,,,
rustc,startup,-C opt-level=s,debug_assertions,50,0.734,0.732,0.737,2118,2064,2152,1.0048,1.0014,1.0110
rustc,startup,-C opt-level=s,execstack,50,0.733,0.730,0.735,2148,2072,2160,1.0027,0.9980,1.0069
rustc,startup,-C opt-level=s,hardening_baseline,50,0.734,0.732,0.738,2156,2064,2160,1.0048,1.0014,1.0103
rustc,startup,-C opt-level=s,lsan,50,24.727,24.629,25.582,8748,8676,8788,33.8263,33.6790,34.9973
rustc,startup,-C opt-level=s,lto,50,0.712,0.710,0.714,1956,1920,2010,0.9740,0.9699,0.9781
rustc,startup,-C opt-level=s,lto_thin,50,0.732,0.728,0.734,2056,2048,2100,1.0007,0.9959,1.0055
rustc,startup,-C opt-level=s,no_pie,50,0.726,0.723,0.730,2068,2064,2156,0.9925,0.9884,0.9993
rustc,startup,-C opt-level=s,noexecstack,50,0.730,0.728,0.732,2068,2060,2108,0.9986,0.9945,1.0027
rustc,startup,-C opt-level=s,overflow_checks,50,0.732,0.730,0.734,2114,2062,2148,1.0021,0.9986,1.0055
rustc,startup,-C opt-level=s,panic_abort,50,0.726,0.723,0.730,2068,2060,2116,0.9925,0.9884,0.9986
rustc,startup,-C opt-level=s,pie,50,0.730,0.729,0.732,2140,2068,2156,0.9986,0.9959,1.0027
rustc,startup,-C opt-level=s,relro_full,50,0.759,0.754,0.762,2142,2066,2152,1.0383,1.0321,1.0446
rustc,startup,-C opt-level=s,stack_protector,50,0.730,0.727,0.733,2066,2060,2130,0.9979,0.9939,1.0048
rustc,startup,-C opt-level=s,stack_protector_all,50,0.738,0.733,0.741,2116,2064,2156,1.0096,1.0027,1.0150
rustc,startup,-C opt-level=s,stack_protector_none,50,0.731,0.728,0.733,2112,2068,2140,1.0000,0.9959,1.0041
rustc,startup,-C opt-level=s,stack_protector_strong,50,0.732,0.730,0.735,2112,2068,2152,1.0021,0.9973,1.0069
rustc,startup,-C opt-level=z,asan,50,27.723,27.529,27.993,8170,6384,10052,37.8730,37.6031,38.2425
rustc,startup,-C opt-level=z,baseline,50,0.732,0.730,0.734,2090,2064,2140,,,
rustc,startup,-C opt-level=z,debug_assertions,50,0.732,0.729,0.734,2142,2066,2152,1.0000,0.9952,1.0048
rustc,startup,-C opt-level=z,execstack,50,0.733,0.732,0.735,2142,2104,2152,1.0014,0.9980,1.0055
rustc,startup,-C opt-level=z,hardening_baseline,50,0.734,0.731,0.736,2072,2064,2120,1.0020,0.9986,1.0062
rustc,startup,-C opt-level=z,lsan,50,24.812,24.584,25.592,7704,4760,8730,33.8955,33.5666,34.9904
rustc,startup,-C opt-level=z,lto,50,0.711,0.708,0.714,1976,1918,1992,0.9706,0.9673,0.9761
rustc,startup,-C opt-level=z,lto_thin,50,0.729,0.727,0.733,2102,2052,2136,0.9952,0.9925,1.0027
rustc,startup,-C opt-level=z,no_pie,50,0.725,0.723,0.726,2146,2064,2158,0.9904,0.9870,0.9945
rustc,startup,-C opt-level=z,noexecstack,50,0.734,0.732,0.739,2070,2060,2156,1.0020,0.9986,1.0109
rustc,startup,-C opt-level=z,overflow_checks,50,0.732,0.728,0.738,2070,2060,2140,1.0000,0.9945,1.0082
rustc,startup,-C opt-level=z,panic_abort,50,0.724,0.723,0.728,2068,2060,2100,0.9891,0.9864,0.9945
rustc,startup,-C opt-level=z,pie,50,0.734,0.731,0.736,2150,2068,2156,1.0027,0.9980,1.0068
rustc,startup,-C opt-level=z,relro_full,50,0.756,0.752,0.760,2150,2064,2160,1.0335,1.0266,1.0384
rustc,startup,-C opt-level=z,stack_protector,50,0.732,0.729,0.736,2144,2066,2156,1.0000,0.9959,1.0055
rustc,startup,-C opt-level=z,stack_protector_all,50,0.732,0.730,0.735,2068,2062,2128,0.9993,0.9959,1.0041
rustc,startup,-C opt-level=z,stack_protector_none,50,0.733,0.731,0.735,2068,2060,2140,1.0014,0.9973,1.0055
rustc,startup,-C opt-level=z,stack_protector_strong,50,0.733,0.730,0.738,2116,2064,2148,1.0014,0.9973,1.0075
rustc,suma,-C opt-level=0,asan,50,6313.068,6306.000,6320.514,14768,12868,14846,1.2035,1.2020,1.2052
rustc,suma,-C opt-level=0,baseline,50,5245.771,5240.464,5249.892,5810,5768,5868,,,
rustc,suma,-C opt-level=0,debug_assertions,50,5248.090,5245.177,5249.913,5856,5756,5874,1.0004,0.9995,1.0015
rustc,suma,-C opt-level=0,execstack,50,5241.344,5239.640,5245.203,5768,5756,5858,0.9992,0.9983,1.0005
rustc,suma,-C opt-level=0,hardening_baseline,50,5401.610,5399.177,5403.950,5854,5780,5878,1.0297,1.0288,1.0308
rustc,suma,-C opt-level=0,lsan,50,5282.473,5279.393,5285.672,10472,8600,10528,1.0070,1.0059,1.0081
rustc,suma,-C opt-level=0,lto,50,5203.709,5201.198,5205.472,5668,5656,5732,0.9920,0.9911,0.9930
rustc,suma,-C opt-level=0,lto_thin,50,5266.597,5265.230,5267.815,5774,5758,5814,1.0040,1.0031,1.0050
rustc,suma,-C opt-level=0,no_pie,50,5305.066,5302.672,5306.256,5848,5772,5870,1.0113,1.0104,1.0123
rustc,suma,-C opt-level=0,noexecstack,50,5244.062,5238.303,5250.775,5782,5764,5852,0.9997,0.9983,1.0014
rustc,suma,-C opt-level=0,overflow_checks,50,5242.846,5239.028,5245.082,5782,5758,5840,0.9994,0.9984,1.0005
rustc,suma,-C opt-level=0,panic_abort,50,5223.507,5215.471,5228.419,5774,5752,5868,0.9958,0.9942,0.9970
rustc,suma,-C opt-level=0,pie,50,5240.669,5237.152,5243.441,5812,5772,5864,0.9990,0.9980,1.0001
rustc,suma,-C opt-level=0,relro_full,50,5238.887,5236.976,5242.802,5776,5758,5870,0.9987,0.9978,0.9999
rustc,suma,-C opt-level=0,stack_protector,50,5422.771,5421.013,5426.132,5842,5780,5860,1.0337,1.0329,1.0349
rustc,suma,-C opt-level=0,stack_protector_all,50,6067.361,6061.550,6070.648,5832,5780,5876,1.1566,1.1554,1.1579
rustc,suma,-C opt-level=0,stack_protector_none,50,5246.683,5242.559,5250.300,5780,5768,5866,1.0002,0.9990,1.0013
rustc,suma,-C opt-level=0,stack_protector_strong,50,5402.689,5400.648,5405.501,5856,5772,5878,1.0299,1.0290,1.0310
rustc,suma,-C opt-level=1,asan,50,267.509,267.250,268.259,11760,10802,12764,1.6033,1.6016,1.6081
rustc,suma,-C opt-level=1,baseline,50,166.845,166.761,166.906,5840,5760,5872,,,
rustc,suma,-C opt-level=1,debug_assertions,50,120.457,120.397,120.544,5856,5776,5880,0.7220,0.7215,0.7227
rustc,suma,-C opt-level=1,execstack,50,166.780,166.727,166.856,5862,5784,5884,0.9996,0.9991,1.0003
rustc,suma,-C opt-level=1,hardening_baseline,50,166.369,166.289,166.489,5868,5830,5878,0.9971,0.9965,0.9980
rustc,suma,-C opt-level=1,lsan,50,191.137,190.868,191.894,9488,8580,10556,1.1456,1.1440,1.1503
rustc,suma,-C opt-level=1,lto,50,82.412,82.299,82.567,5698,5648,5744,0.4939,0.4933,0.4949
rustc,suma,-C opt-level=1,lto_thin,50,166.755,166.643,166.794,5740,5680,5756,0.9995,0.9987,1.0000
rustc,suma,-C opt-level=1,no_pie,50,166.993,166.937,167.068,5858,5768,5888,1.0009,1.0004,1.0016
rustc,suma,-C opt-level=1,noexecstack,50,166.752,166.690,166.901,5854,5776,5884,0.9994,0.9989,1.0005
rustc,suma,-C opt-level=1,overflow_checks,50,120.458,120.376,120.532,5848,5788,5872,0.7220,0.7214,0.7225
rustc,suma,-C opt-level=1,panic_abort,50,166.394,166.308,166.618,5798,5760,5866,0.9973,0.9967,0.9987
rustc,suma,-C opt-level=1,pie,50,166.881,166.795,166.953,5796,5770,5860,1.0002,0.9995,1.0009
rustc,suma,-C opt-level=1,relro_full,50,166.799,166.744,166.853,5850,5768,5872,0.9997,0.9993,1.0003
rustc,suma,-C opt-level=1,stack_protector,50,166.349,166.267,166.433,5868,5844,5884,0.9970,0.9963,0.9978
rustc,suma,-C opt-level=1,stack_protector_all,50,166.864,166.746,166.904,5784,5768,5876,1.0001,0.9994,1.0007
rustc,suma,-C opt-level=1,stack_protector_none,50,166.835,166.769,166.879,5808,5764,5860,0.9999,0.9994,1.0005
rustc,suma,-C opt-level=1,stack_protector_strong,50,166.373,166.306,166.524,5854,5778,5874,0.9972,0.9966,0.9982
rustc,suma,-C opt-level=2,asan,50,165.595,165.339,166.322,12752,12656,12816,3.2643,3.2575,3.2781
rustc,suma,-C opt-level=2,baseline,50,50.730,50.660,50.795,5804,5770,5836,,,
rustc,suma,-C opt-level=2,debug_assertions,50,120.359,120.307,120.453,5766,5740,5818,2.3726,2.3692,2.3761
rustc,suma,-C opt-level=2,execstack,50,50.668,50.619,50.729,5818,5758,5844,0.9988,0.9970,1.0006
rustc,suma,-C opt-level=2,hardening_baseline,50,50.675,50.636,50.712,5816,5772,5860,0.9989,0.9973,1.0005
rustc,suma,-C opt-level=2,lsan,50,75.387,75.251,75.944,8598,8556,10480,1.4861,1.4827,1.4966
rustc,suma,-C opt-level=2,lto,50,50.626,50.601,50.680,5682,5646,5732,0.9979,0.9963,0.9996
rustc,suma,-C opt-level=2,lto_thin,50,50.651,50.618,50.743,5702,5660,5774,0.9985,0.9968,1.0006
rustc,suma,-C opt-level=2,no_pie,50,50.661,50.615,50.703,5854,5770,5882,0.9986,0.9969,1.0002
rustc,suma,-C opt-level=2,noexecstack,50,50.642,50.612,50.708,5816,5754,5856,0.9983,0.9968,1.0002
rustc,suma,-C opt-level=2,overflow_checks,50,120.362,120.300,120.469,5816,5768,5856,2.3726,2.3691,2.3764
rustc,suma,-C opt-level=2,panic_abort,50,50.657,50.608,50.698,5764,5750,5812,0.9986,0.9968,1.0002
rustc,suma,-C opt-level=2,pie,50,50.688,50.623,50.766,5782,5756,5840,0.9992,0.9973,1.0011
rustc,suma,-C opt-level=2,relro_full,50,50.794,50.732,50.891,5786,5760,5830,1.0013,0.9993,1.0033
rustc,suma,-C opt-level=2,stack_protector,50,50.660,50.635,50.708,5772,5756,5852,0.9986,0.9971,1.0004
rustc,suma,-C opt-level=2,stack_protector_all,50,50.647,50.597,50.697,5818,5768,5858,0.9984,0.9967,1.0002
rustc,suma,-C opt-level=2,stack_protector_none,50,50.696,50.648,50.740,5770,5752,5816,0.9993,0.9975,1.0012
rustc,suma,-C opt-level=2,stack_protector_strong,50,50.639,50.628,50.669,5824,5772,5864,0.9982,0.9968,0.9996
rustc,suma,-C opt-level=3,asan,50,166.014,165.533,166.298,12716,10832,12784,3.2762,3.2657,3.2822
rustc,suma,-C opt-level=3,baseline,50,50.673,50.630,50.753,5804,5762,5852,,,
rustc,suma,-C opt-level=3,debug_assertions,50,93.036,92.941,93.181,5778,5760,5818,1.8360,1.8328,1.8390
rustc,suma,-C opt-level=3,execstack,50,50.682,50.639,50.729,5820,5768,5856,1.0002,0.9984,1.0014
rustc,suma,-C opt-level=3,hardening_baseline,50,50.639,50.603,50.694,5780,5772,5836,0.9993,0.9977,1.0006
rustc,suma,-C opt-level=3,lsan,50,75.888,75.372,76.243,10390,8584,10498,1.4976,1.4870,1.5049
rustc,suma,-C opt-level=3,lto,50,50.678,50.622,50.755,5726,5648,5740,1.0001,0.9984,1.0018
rustc,suma,-C opt-level=3,lto_thin,50,50.660,50.627,50.698,5656,5642,5716,0.9997,0.9980,1.0008
rustc,suma,-C opt-level=3,no_pie,50,50.629,50.600,50.657,5844,5776,5868,0.9991,0.9976,1.0001
rustc,suma,-C opt-level=3,noexecstack,50,50.685,50.609,50.721,5770,5752,5836,1.0002,0.9985,1.0013
rustc,suma,-C opt-level=3,overflow_checks,50,120.364,120.325,120.429,5786,5770,5848,2.3753,2.3720,2.3776
rustc,suma,-C opt-level=3,panic_abort,50,50.701,50.645,50.781,5794,5760,5856,1.0006,0.9989,1.0021
rustc,suma,-C opt-level=3,pie,50,50.655,50.618,50.721,5802,5754,5848,0.9996,0.9980,1.0009
rustc,suma,-C opt-level=3,relro_full,50,50.761,50.715,50.800,5816,5774,5842,1.0017,1.0001,1.0028
rustc,suma,-C opt-level=3,stack_protector,50,50.718,50.660,50.841,5824,5776,5842,1.0009,0.9991,1.0033
rustc,suma,-C opt-level=3,stack_protector_all,50,50.677,50.630,50.732,5836,5800,5858,1.0001,0.9985,1.0013
rustc,suma,-C opt-level=3,stack_protector_none,50,50.636,50.615,50.672,5766,5748,5830,0.9993,0.9977,1.0003
rustc,suma,-C opt-level=3,stack_protector_strong,50,50.641,50.613,50.680,5834,5798,5864,0.9994,0.9978,1.0004
rustc,suma,-C opt-level=s,asan,50,187.475,187.168,187.952,12690,10812,12770,1.5513,1.5484,1.5556
rustc,suma,-C opt-level=s,baseline,50,120.849,120.785,120.915,5860,5768,5876,,,
rustc,suma,-C opt-level=s,debug_assertions,50,122.040,121.982,122.148,5848,5764,5860,1.0099,1.0090,1.0109
rustc,suma,-C opt-level=s,execstack,50,120.837,120.790,120.945,5832,5772,5870,0.9999,0.9991,1.0008
rustc,suma,-C opt-level=s,hardening_baseline,50,93.597,93.460,93.674,5824,5764,5860,0.7745,0.7732,0.7753
rustc,suma,-C opt-level=s,lsan,50,118.875,118.362,119.377,10522,8624,10552,0.9837,0.9794,0.9879
rustc,suma,-C opt-level=s,lto,50,120.806,120.761,120.922,5624,5614,5728,0.9996,0.9988,1.0007
rustc,suma,-C opt-level=s,lto_thin,50,120.621,120.546,120.699,5680,5660,5738,0.9981,0.9971,0.9990
rustc,suma,-C opt-level=s,no_pie,50,120.588,120.512,120.688,5800,5764,5866,0.9978,0.9968,0.9988
rustc,suma,-C opt-level=s,noexecstack,50,120.828,120.796,120.892,5844,5772,5860,0.9998,0.9991,1.0006
rustc,suma,-C opt-level=s,overflow_checks,50,122.003,121.931,122.147,5826,5764,5876,1.0095,1.0087,1.0108
rustc,suma,-C opt-level=s,panic_abort,50,93.703,93.514,93.959,5864,5772,5868,0.7754,0.7737,0.7775
rustc,suma,-C opt-level=s,pie,50,120.904,120.873,120.975,5868,5836,5886,1.0005,0.9998,1.0011
rustc,suma,-C opt-level=s,relro_full,50,120.892,120.859,120.969,5806,5768,5866,1.0004,0.9996,1.0012
rustc,suma,-C opt-level=s,stack_protector,50,93.712,93.567,93.782,5772,5756,5856,0.7754,0.7742,0.7762
rustc,suma,-C opt-level=s,stack_protector_all,50,93.651,93.513,93.747,5832,5778,5870,0.7749,0.7737,0.7759
rustc,suma,-C opt-level=s,stack_protector_none,50,120.851,120.792,120.906,5858,5840,5878,1.0000,0.9991,1.0007
rustc,suma,-C opt-level=s,stack_protector_strong,50,93.601,93.527,93.726,5868,5768,5872,0.7745,0.7736,0.7757
rustc,suma,-C opt-level=z,asan,50,209.065,208.823,209.838,12778,11802,12820,1.7292,1.7268,1.7357
rustc,suma,-C opt-level=z,baseline,50,120.902,120.840,121.008,5848,5772,5884,,,
rustc,suma,-C opt-level=z,debug_assertions,50,1600.532,1600.402,1600.867,5856,5784,5868,13.2383,13.2281,13.2466
rustc,suma,-C opt-level=z,execstack,50,120.907,120.858,120.969,5778,5758,5860,1.0000,0.9991,1.0008
rustc,suma,-C opt-level=z,hardening_baseline,50,88.022,87.969,88.108,5812,5772,5856,0.7280,0.7273,0.7289
rustc,suma,-C opt-level=z,lsan,50,204.716,204.040,204.900,10526,10342,10582,1.6932,1.6872,1.6950
rustc,suma,-C opt-level=z,lto,50,87.993,87.944,88.083,5670,5628,5720,0.7278,0.7270,0.7287
rustc,suma,-C opt-level=z,lto_thin,50,179.865,179.804,179.922,5746,5734,5760,1.4877,1.4863,1.4887
rustc,suma,-C opt-level=z,no_pie,50,87.998,87.951,88.081,5860,5780,5872,0.7278,0.7271,0.7286
rustc,suma,-C opt-level=z,noexecstack,50,120.947,120.907,121.017,5868,5812,5884,1.0004,0.9995,1.0012
rustc,suma,-C opt-level=z,overflow_checks,50,121.507,121.457,121.609,5858,5776,5868,1.0050,1.0041,1.0059
rustc,suma,-C opt-level=z,panic_abort,50,121.122,121.106,121.208,5862,5780,5876,1.0018,1.0010,1.0027
rustc,suma,-C opt-level=z,pie,50,120.839,120.803,120.883,5776,5754,5860,0.9995,0.9986,1.0002
rustc,suma,-C opt-level=z,relro_full,50,120.989,120.888,121.082,5768,5760,5856,1.0007,0.9996,1.0018
rustc,suma,-C opt-level=z,stack_protector,50,87.992,87.949,88.047,5802,5762,5864,0.7278,0.7271,0.7284
rustc,suma,-C opt-level=z,stack_protector_all,50,179.841,179.795,179.936,5780,5760,5858,1.4875,1.4862,1.4886
rustc,suma,-C opt-level=z,stack_protector_none,50,120.942,120.855,121.019,5840,5766,5868,1.0003,0.9992,1.0011
rustc,suma,-C opt-level=z,stack_protector_strong,50,87.991,87.942,88.072,5768,5760,5852,0.7278,0.7270,0.7287
